date,1460.csv,1357.csv,1489.csv,1490.csv,1312.csv
2015-01-05,,3835.0,,,15610.0
2015-01-06,,4060.0,,,15400.0
2015-01-07,,4050.0,,,15310.0
2015-01-08,,3915.0,,,15210.0
2015-01-09,,3905.0,,,
2015-01-13,,3965.0,,,15200.0
2015-01-14,,4105.0,,,15200.0
2015-01-15,,3950.0,,,15300.0
2015-01-16,,4055.0,,,14930.0
2015-01-19,,3975.0,,,15270.0
2015-01-20,,3820.0,,,15300.0
2015-01-21,,3850.0,,,15300.0
2015-01-22,,3825.0,,,15260.0
2015-01-23,,3760.0,,,15350.0
2015-01-26,,3775.0,,,
2015-01-27,,3645.0,,,15580.0
2015-01-28,,3635.0,,,15520.0
2015-01-29,,3705.0,,,15690.0
2015-01-30,,3675.0,,,15680.0
2015-02-02,,3725.0,,,15630.0
2015-02-03,,3820.0,,,15840.0
2015-02-04,,3665.0,,,15600.0
2015-02-05,,3735.0,,,
2015-02-06,,3675.0,,,15610.0
2015-02-09,,3650.0,,,15720.0
2015-02-10,,3670.0,,,15850.0
2015-02-12,,3550.0,,,15920.0
2015-02-13,,3560.0,,,15920.0
2015-02-16,,3535.0,,,16270.0
2015-02-17,,3540.0,,,16050.0
2015-02-18,,3460.0,,,16230.0
2015-02-19,,3435.0,,,16360.0
2015-02-20,,3400.0,,,16380.0
2015-02-23,,3355.0,,,16510.0
2015-02-24,,3305.0,,,16510.0
2015-02-25,,3315.0,,,16510.0
2015-02-26,,3240.0,,,16710.0
2015-02-27,,3235.0,,,16930.0
2015-03-02,,3230.0,,,16800.0
2015-03-03,,3225.0,,,16670.0
2015-03-04,,3265.0,,,16810.0
2015-03-05,,3255.0,,,
2015-03-06,,3170.0,,,16750.0
2015-03-09,,3225.0,,,16690.0
2015-03-10,,3275.0,,,16690.0
2015-03-11,,3255.0,,,16760.0
2015-03-12,,3155.0,,,16860.0
2015-03-13,,3060.0,,,17100.0
2015-03-16,,3065.0,,,17000.0
2015-03-17,,3005.0,,,17060.0
2015-03-18,,2972.0,,,17290.0
2015-03-19,,2997.0,,,17250.0
2015-03-20,,2971.0,,,
2015-03-23,,2906.0,,,17400.0
2015-03-24,,2922.0,,,17400.0
2015-03-25,,2915.0,,,17230.0
2015-03-26,,3010.0,,,17220.0
2015-03-27,,3015.0,,,
2015-03-30,,2981.0,,,17190.0
2015-03-31,,3030.0,,,17120.0
2015-04-01,,3095.0,,,16880.0
2015-04-02,,3015.0,,,17290.0
2015-04-03,,2974.0,,,17020.0
2015-04-06,,2983.0,,,17120.0
2015-04-07,,2908.0,,,17290.0
2015-04-08,,2865.0,,,17410.0
2015-04-09,,2823.0,,,17430.0
2015-04-10,,2817.0,,,17470.0
2015-04-13,,2832.0,,,17500.0
2015-04-14,,2828.0,,,17650.0
2015-04-15,,2844.0,,,17670.0
2015-04-16,,2836.0,,,17590.0
2015-04-17,,2901.0,,,17590.0
2015-04-20,,2907.0,,,17250.0
2015-04-21,,2826.0,,,17400.0
2015-04-22,,2761.0,,,17550.0
2015-04-23,,2741.0,,,17570.0
2015-04-24,,2790.0,,,17700.0
2015-04-27,,2805.0,,,17700.0
2015-04-28,,2777.0,,,17550.0
2015-04-30,,2929.0,,,17300.0
2015-05-01,,2924.0,,,17390.0
2015-05-07,,2998.0,,,17430.0
2015-05-08,,2966.0,,,17400.0
2015-05-11,,2898.0,,,17700.0
2015-05-12,,2901.0,,,
2015-05-13,,2858.0,,,17550.0
2015-05-14,,2907.0,,,17470.0
2015-05-15,,2875.0,,,17840.0
2015-05-18,,2820.0,,,17840.0
2015-05-19,,2774.0,,,17910.0
2015-05-20,,2728.0,,,18200.0
2015-05-21,,2735.0,,,18200.0
2015-05-22,,2708.0,,,18200.0
2015-05-25,,2673.0,,,18210.0
2015-05-26,,2661.0,,,18290.0
2015-05-27,,2662.0,,,18350.0
2015-05-28,,2636.0,,,18430.0
2015-05-29,,2628.0,,,18250.0
2015-06-01,,2632.0,,,18520.0
2015-06-02,,2641.0,,,18600.0
2015-06-03,,2660.0,,,18400.0
2015-06-04,,2660.0,,,18550.0
2015-06-05,,2659.0,,,18590.0
2015-06-08,,2661.0,,,18400.0
2015-06-09,,2754.0,,,18280.0
2015-06-10,,2760.0,,,18320.0
2015-06-11,,2676.0,,,18220.0
2015-06-12,,2669.0,,,18490.0
2015-06-15,,2677.0,,,18440.0
2015-06-16,,2711.0,,,18430.0
2015-06-17,,2725.0,,,18290.0
2015-06-18,,2780.0,,,18200.0
2015-06-19,,2727.0,,,18470.0
2015-06-22,,2662.0,,,18550.0
2015-06-23,,2564.0,,,18610.0
2015-06-24,,2543.0,,,18710.0
2015-06-25,,2568.0,,,18650.0
2015-06-26,,2576.0,,,18640.0
2015-06-29,,2725.0,,,18250.0
2015-06-30,,2694.0,,,18110.0
2015-07-01,,2665.0,,,18260.0
2015-07-02,,2622.0,,,18640.0
2015-07-03,,2613.0,,,18330.0
2015-07-06,,2722.0,,,18100.0
2015-07-07,,2655.0,,,18360.0
2015-07-08,,2813.0,,,17730.0
2015-07-09,,2791.0,,,17400.0
2015-07-10,,2798.0,,,17580.0
2015-07-13,,2714.0,,,17660.0
2015-07-14,,2641.0,,,17850.0
2015-07-15,,2617.0,,,18020.0
2015-07-16,,2581.0,,,18160.0
2015-07-17,,2570.0,,,18250.0
2015-07-21,,2522.0,,,18370.0
2015-07-22,,2580.0,,,18150.0
2015-07-23,,2561.0,,,18200.0
2015-07-24,,2598.0,,,18170.0
2015-07-27,,2642.0,,,17860.0
2015-07-28,,2640.0,,,18040.0
2015-07-29,,2654.0,,,18070.0
2015-07-30,,2595.0,,,18200.0
2015-07-31,,2584.0,,,18140.0
2015-08-03,,2594.0,,,18300.0
2015-08-04,,2604.0,,,18300.0
2015-08-05,,2570.0,,,18530.0
2015-08-06,,2559.0,,,18540.0
2015-08-07,,2542.0,,,18570.0
2015-08-10,,2528.0,,,18570.0
2015-08-11,,2545.0,,,18730.0
2015-08-12,,2626.0,,,18590.0
2015-08-13,,2576.0,,,18660.0
2015-08-14,,2588.0,,,18550.0
2015-08-17,,2567.0,,,18640.0
2015-08-18,,2587.0,,,18710.0
2015-08-19,,2668.0,,,18510.0
2015-08-20,,2714.0,,,18190.0
2015-08-21,,2873.0,,,17630.0
2015-08-24,,3125.0,,,16580.0
2015-08-25,,3380.0,,,16140.0
2015-08-26,,3165.0,,,16350.0
2015-08-27,,3095.0,,,16950.0
2015-08-28,,2907.0,,,17100.0
2015-08-31,,2984.0,,,17270.0
2015-09-01,,3210.0,,,16580.0
2015-09-02,,3225.0,,,16370.0
2015-09-03,,3205.0,,,16530.0
2015-09-04,,3340.0,,,16180.0
2015-09-07,,3310.0,,,16030.0
2015-09-08,,3460.0,,,15800.0
2015-09-09,,2965.0,,,16460.0
2015-09-10,,3085.0,,,16160.0
2015-09-11,,3100.0,,,16640.0
2015-09-14,,3200.0,,,16560.0
2015-09-15,,3185.0,,,16430.0
2015-09-16,,3120.0,,,16370.0
2015-09-17,,3045.0,,,16650.0
2015-09-18,,3140.0,,,16490.0
2015-09-24,,3325.0,,,16260.0
2015-09-25,,3230.0,,,15900.0
2015-09-28,,3250.0,,,16420.0
2015-09-29,,3520.0,,,16000.0
2015-09-30,,3355.0,,,16260.0
2015-10-01,,3200.0,,,16660.0
2015-10-02,,3210.0,,,16540.0
2015-10-05,,3110.0,,,16780.0
2015-10-06,,3070.0,,,17120.0
2015-10-07,,2991.0,,,16950.0
2015-10-08,,3060.0,,,16790.0
2015-10-09,,2948.0,,,
2015-10-13,,3000.0,,,17100.0
2015-10-14,,3130.0,,,16760.0
2015-10-15,,3070.0,,,17230.0
2015-10-16,,3010.0,,,17250.0
2015-10-19,,3040.0,,,16980.0
2015-10-20,,3020.0,,,17050.0
2015-10-21,,2925.0,,,17300.0
2015-10-22,,2943.0,,,
2015-10-23,,2833.0,,,17480.0
2015-10-26,,2812.0,,,17600.0
2015-10-27,,2860.0,,,
2015-10-28,,2826.0,,,17410.0
2015-10-29,,2819.0,,,17460.0
2015-10-30,,2769.0,,,17670.0
2015-11-02,,2860.0,,,17450.0
2015-11-04,,2794.0,,,17460.0
2015-11-05,,2760.0,,,17550.0
2015-11-06,,2731.0,,,17650.0
2015-11-09,,2707.0,,,17940.0
2015-11-10,,2700.0,,,17690.0
2015-11-11,,2710.0,,,17940.0
2015-11-12,,2731.0,,,17910.0
2015-11-13,,2729.0,,,17980.0
2015-11-16,,2772.0,,,17940.0
2015-11-17,,2716.0,,,18080.0
2015-11-18,,2717.0,,,18050.0
2015-11-19,,2684.0,,,18100.0
2015-11-20,,2670.0,,,18210.0
2015-11-24,,2661.0,,,18270.0
2015-11-25,,2675.0,,,18340.0
2015-11-26,,2663.0,,,18450.0
2015-11-27,,2658.0,,,18230.0
2015-11-30,,2679.0,,,18300.0
2015-12-01,,2655.0,,,18390.0
2015-12-02,,2648.0,,,18470.0
2015-12-03,,2645.0,,,18330.0
2015-12-04,,2649.0,,,18280.0
2015-12-07,,2599.0,,,18460.0
2015-12-08,,2643.0,,,18240.0
2015-12-09,,2672.0,,,18050.0
2015-12-10,,2737.0,,,
2015-12-11,,2691.0,,,17930.0
2015-12-14,,2766.0,,,
2015-12-15,,2854.0,,,17590.0
2015-12-16,,2712.0,,,17620.0
2015-12-17,,2624.0,,,18140.0
2015-12-18,,2715.0,,,17850.0
2015-12-21,,2739.0,,,17600.0
2015-12-22,,2751.0,,,17660.0
2015-12-24,,2779.0,,,17490.0
2015-12-25,,2790.0,,,17520.0
2015-12-28,,2749.0,,,17690.0
2015-12-29,,2720.0,,,17730.0
2015-12-30,,2708.0,,,
2016-01-04,,2868.0,,,17650.0
2016-01-05,,2893.0,,,17400.0
2016-01-06,,2946.0,,,17340.0
2016-01-07,,3080.0,,,17150.0
2016-01-08,,3100.0,,,16870.0
2016-01-12,,3265.0,,,16340.0
2016-01-13,,3075.0,,,16730.0
2016-01-14,,3245.0,,,16280.0
2016-01-15,,3280.0,,,16340.0
2016-01-18,,3350.0,,,16160.0
2016-01-19,,3310.0,,,16290.0
2016-01-20,,3560.0,,,15880.0
2016-01-21,,3725.0,,,15300.0
2016-01-22,,3295.0,,,15950.0
2016-01-25,,3235.0,,,16280.0
2016-01-26,,3385.0,,,16000.0
2016-01-27,,3195.0,,,16430.0
2016-01-28,,3230.0,,,16320.0
2016-01-29,,3040.0,,,16850.0
2016-02-01,,2932.0,,,17050.0
2016-02-02,,2975.0,,,17070.0
2016-02-03,,3155.0,,,16510.0
2016-02-04,,3215.0,,,16180.0
2016-02-05,,3300.0,,,15980.0
2016-02-08,,3220.0,,,16230.0
2016-02-09,,3565.0,,,15360.0
2016-02-10,,3750.0,,,14970.0
2016-02-12,,4100.0,,,14180.0
2016-02-15,,3480.0,,,15120.0
2016-02-16,,3475.0,,,15450.0
2016-02-17,,3570.0,,,15100.0
2016-02-18,,3395.0,,,15440.0
2016-02-19,,3485.0,,,15150.0
2016-02-22,,3430.0,,,15300.0
2016-02-23,,3455.0,,,15290.0
2016-02-24,,3520.0,,,15210.0
2016-02-25,,3395.0,,,15470.0
2016-02-26,,3385.0,,,
2016-02-29,,3445.0,,,
2016-03-01,,3425.0,,,
2016-03-02,,3140.0,,,15860.0
2016-03-03,,3060.0,,,15940.0
2016-03-04,,3040.0,,,16090.0
2016-03-07,,3080.0,,,
2016-03-08,,3125.0,,,16000.0
2016-03-09,,3175.0,,,15650.0
2016-03-10,,3095.0,,,15900.0
2016-03-11,,3060.0,,,15990.0
2016-03-14,,2957.0,,,16310.0
2016-03-15,,3000.0,,,16210.0
2016-03-16,,3040.0,,,16140.0
2016-03-17,,3065.0,,,16170.0
2016-03-18,,3135.0,,,16110.0
2016-03-22,14910.0,3010.0,,,16260.0
2016-03-23,14920.0,3025.0,,,16330.0
2016-03-24,,3070.0,,,16230.0
2016-03-25,,3025.0,,,
2016-03-28,,3010.0,,,16350.0
2016-03-29,15260.0,2945.0,,,16520.0
2016-03-30,15200.0,3015.0,,,
2016-03-31,15000.0,3065.0,,,16410.0
2016-04-01,14380.0,3275.0,,,16200.0
2016-04-04,14470.0,3305.0,,,15810.0
2016-04-05,14030.0,3460.0,,,15810.0
2016-04-06,14060.0,3460.0,,,15380.0
2016-04-07,14000.0,3455.0,,,15600.0
2016-04-08,13750.0,3410.0,,,15420.0
2016-04-11,14000.0,3445.0,,,15650.0
2016-04-12,,3365.0,,,
2016-04-13,13900.0,3180.0,,,
2016-04-14,14100.0,2981.0,,,16370.0
2016-04-15,14370.0,3000.0,,,
2016-04-18,14530.0,3205.0,,,
2016-04-19,15000.0,2967.0,,,16490.0
2016-04-20,,2956.0,,,16470.0
2016-04-21,14700.0,2799.0,,,16670.0
2016-04-22,15210.0,2730.0,,,16750.0
2016-04-25,,2767.0,,,16830.0
2016-04-26,15160.0,2796.0,,,
2016-04-27,15140.0,2807.0,,,16720.0
2016-04-28,,3020.0,,,16220.0
2016-05-02,14440.0,3205.0,,,15810.0
2016-05-06,14140.0,3220.0,,,15800.0
2016-05-09,,3170.0,,,16040.0
2016-05-10,14650.0,3035.0,,,16140.0
2016-05-11,,3035.0,,,16380.0
2016-05-12,,3010.0,,,
2016-05-13,,3090.0,,,
2016-05-16,,3070.0,,,16240.0
2016-05-17,14820.0,3000.0,,,
2016-05-18,14910.0,2999.0,,,16330.0
2016-05-19,14810.0,3005.0,,,16330.0
2016-05-20,14830.0,2968.0,,,16410.0
2016-05-23,14910.0,2999.0,,,16490.0
2016-05-24,14720.0,3060.0,,,
2016-05-25,14880.0,2956.0,,,16520.0
2016-05-26,14990.0,2957.0,,,16520.0
2016-05-27,14950.0,2930.0,,,16510.0
2016-05-30,15000.0,2851.0,,,16670.0
2016-05-31,15210.0,2794.0,,,16810.0
2016-06-01,15220.0,2889.0,,,
2016-06-02,14790.0,3015.0,,,16480.0
2016-06-03,14780.0,2987.0,,,16370.0
2016-06-06,14660.0,3015.0,,,16370.0
2016-06-07,14860.0,2976.0,,,
2016-06-08,14840.0,2925.0,,,
2016-06-09,14890.0,2977.0,,,16610.0
2016-06-10,14830.0,3000.0,,,
2016-06-13,14390.0,3200.0,,,16120.0
2016-06-14,14190.0,3270.0,,,15700.0
2016-06-15,14350.0,3245.0,,,
2016-06-16,14120.0,3450.0,,,15270.0
2016-06-17,14110.0,3370.0,,,15320.0
2016-06-20,14300.0,3210.0,,,15680.0
2016-06-21,14390.0,3130.0,,,15770.0
2016-06-22,14350.0,3170.0,,,
2016-06-23,14450.0,3100.0,,,
2016-06-24,13480.0,3605.0,,,14900.0
2016-06-27,13710.0,3420.0,,,
2016-06-28,13790.0,3400.0,,,15110.0
2016-06-29,14040.0,3295.0,,,15320.0
2016-06-30,14150.0,3280.0,,,15600.0
2016-07-01,14140.0,3245.0,,,15600.0
2016-07-04,14110.0,3210.0,,,15600.0
2016-07-05,14070.0,3255.0,,,15490.0
2016-07-06,13750.0,3375.0,,,
2016-07-07,13810.0,3410.0,,,
2016-07-08,13600.0,3475.0,,,
2016-07-11,14200.0,3210.0,,,15480.0
2016-07-12,14350.0,3050.0,,,16120.0
2016-07-13,14490.0,3000.0,,,
2016-07-14,14440.0,2939.0,,,15800.0
2016-07-15,14650.0,2897.0,,,16080.0
2016-07-19,14280.0,2823.0,,,16070.0
2016-07-20,14740.0,2840.0,,,15930.0
2016-07-21,14960.0,2885.0,,,16080.0
2016-07-22,14220.0,2856.0,,,16080.0
2016-07-25,14600.0,2851.0,,,16300.0
2016-07-26,14600.0,2925.0,,,16240.0
2016-07-27,14790.0,2820.0,,,
2016-07-28,14600.0,2887.0,,,16140.0
2016-07-29,14570.0,2858.0,,,16350.0
2016-08-01,14770.0,2838.0,,,15900.0
2016-08-02,14630.0,2921.0,,,16140.0
2016-08-03,14230.0,3035.0,,,15710.0
2016-08-04,13760.0,2961.0,,,15360.0
2016-08-05,14240.0,2965.0,,,
2016-08-08,14490.0,2820.0,,,15420.0
2016-08-09,14500.0,2778.0,,,15570.0
2016-08-10,14570.0,2798.0,,,15610.0
2016-08-12,14750.0,2725.0,,,15750.0
2016-08-15,14630.0,2745.0,,,16030.0
2016-08-16,14430.0,2828.0,,,
2016-08-17,14420.0,2779.0,,,15580.0
2016-08-18,14400.0,2863.0,,,15580.0
2016-08-19,14050.0,2848.0,,,15580.0
2016-08-22,14340.0,2827.0,,,
2016-08-23,,2861.0,,,
2016-08-24,14380.0,2830.0,,,
2016-08-25,14370.0,2835.0,,,
2016-08-26,14200.0,2903.0,,,15670.0
2016-08-29,14390.0,2766.0,,,15670.0
2016-08-30,,2766.0,,,
2016-08-31,14400.0,2716.0,,,15550.0
2016-09-01,14200.0,2714.0,,,15550.0
2016-09-02,14610.0,2707.0,,,15580.0
2016-09-05,14350.0,2677.0,,,15690.0
2016-09-06,14760.0,2657.0,,,15810.0
2016-09-07,14790.0,2676.0,,,
2016-09-08,14750.0,2693.0,,,
2016-09-09,14690.0,2687.0,,,15800.0
2016-09-12,14460.0,2791.0,,,15700.0
2016-09-13,14510.0,2767.0,,,
2016-09-14,14470.0,2805.0,,,
2016-09-15,14350.0,2876.0,,,
2016-09-16,14500.0,2833.0,,,
2016-09-20,14480.0,2847.0,,,
2016-09-21,14180.0,2737.0,,,15930.0
2016-09-23,14830.0,2759.0,,,15990.0
2016-09-26,14500.0,2827.0,,,16020.0
2016-09-27,,2780.0,,,16020.0
2016-09-28,14780.0,2813.0,,,16430.0
2016-09-29,14210.0,2725.0,,,16310.0
2016-09-30,14230.0,2810.0,,,16150.0
2016-10-03,14610.0,2756.0,,,16210.0
2016-10-04,14870.0,2720.0,,,16250.0
2016-10-05,14980.0,2681.0,,,16300.0
2016-10-06,14810.0,2658.0,,,16500.0
2016-10-07,,2666.0,,,
2016-10-11,14830.0,2613.0,,,16500.0
2016-10-12,15000.0,2664.0,,,
2016-10-13,,2692.0,,,
2016-10-17,,2647.0,,,
2016-10-19,15030.0,2619.0,,,16580.0
2016-10-20,15250.0,2549.0,,,16960.0
2016-10-21,15290.0,2561.0,,,
2016-10-24,15190.0,2546.0,,,16510.0
2016-10-25,15100.0,2505.0,,,16610.0
2016-10-26,,2500.0,,,
2016-10-27,15240.0,2512.0,,,16720.0
2016-10-28,15430.0,2482.0,,,16790.0
2016-10-31,15180.0,2488.0,,,16900.0
2016-11-01,15500.0,2485.0,,,
2016-11-02,15210.0,2568.0,,,16930.0
2016-11-04,,2641.0,,,16910.0
2016-11-07,,2549.0,,,16520.0
2016-11-08,15220.0,2553.0,,,
2016-11-09,,2820.0,,,15970.0
2016-11-10,,2454.0,,,16540.0
2016-11-11,15200.0,2434.0,,,
2016-11-14,15200.0,2356.0,,,16630.0
2016-11-15,15130.0,2356.0,,,
2016-11-16,15380.0,2300.0,,,16740.0
2016-11-17,,2300.0,,,
2016-11-18,15480.0,2269.0,,,17020.0
2016-11-21,15840.0,2239.0,,,17100.0
2016-11-22,15840.0,2225.0,,,17200.0
2016-11-24,16040.0,2186.0,,,17290.0
2016-11-25,,2169.0,,,17380.0
2016-11-28,16010.0,2177.0,,,17400.0
2016-11-29,,2192.0,,,17340.0
2016-11-30,,2192.0,,,17420.0
2016-12-01,16320.0,2142.0,,,17900.0
2016-12-02,16010.0,2158.0,,,18030.0
2016-12-05,15900.0,2200.0,,,17890.0
2016-12-06,15900.0,2175.0,,,18000.0
2016-12-07,,2145.0,,,17550.0
2016-12-08,15900.0,2083.0,,,17740.0
2016-12-09,16270.0,2024.0,,,17870.0
2016-12-12,,1992.0,,,17980.0
2016-12-13,16270.0,1971.0,,,18110.0
2016-12-14,16570.0,1973.0,,,18110.0
2016-12-15,16720.0,1964.0,,,18490.0
2016-12-16,,1939.0,,,18750.0
2016-12-19,16660.0,1944.0,,,18390.0
2016-12-20,16450.0,1922.0,,,18790.0
2016-12-21,16540.0,1930.0,,,18820.0
2016-12-22,16440.0,1939.0,,,18390.0
2016-12-26,16690.0,1941.0,,,18700.0
2016-12-27,16730.0,1937.0,,,18780.0
2016-12-28,,1932.0,,,18780.0
2016-12-29,16550.0,1988.0,,,18500.0
2016-12-30,16500.0,1994.0,,,18490.0
2017-01-04,16850.0,1893.0,,,18760.0
2017-01-05,16900.0,1904.0,,,18760.0
2017-01-06,16680.0,1915.0,,,18800.0
2017-01-10,,1946.0,,,18800.0
2017-01-11,,1935.0,,,18900.0
2017-01-12,16530.0,1980.0,,,18800.0
2017-01-13,16710.0,1950.0,,,18940.0
2017-01-16,,1986.0,,,18690.0
2017-01-17,16380.0,2045.0,,,18400.0
2017-01-18,16250.0,2027.0,,,18450.0
2017-01-19,16570.0,1987.0,,,18330.0
2017-01-20,16550.0,1972.0,,,18350.0
2017-01-23,16360.0,2029.0,,,18610.0
2017-01-24,16360.0,2046.0,,,18220.0
2017-01-25,,1993.0,,,18350.0
2017-01-26,,1921.0,,,18490.0
2017-01-27,16760.0,1909.0,,,
2017-01-30,,1925.0,,,18770.0
2017-01-31,16550.0,1988.0,,,18550.0
2017-02-01,16230.0,1966.0,,,18600.0
2017-02-02,16370.0,2014.0,,,18420.0
2017-02-03,,2013.0,,,18630.0
2017-02-06,16420.0,2000.0,,,18520.0
2017-02-07,,2015.0,,,18230.0
2017-02-08,16170.0,1997.0,,,18260.0
2017-02-09,16400.0,2015.0,,,18540.0
2017-02-10,16490.0,1913.0,,,18640.0
2017-02-13,16590.0,1897.0,36000.0,,18780.0
2017-02-14,16520.0,1938.0,35850.0,,19000.0
2017-02-15,16540.0,1899.0,36400.0,,18860.0
2017-02-16,,1918.0,36200.0,,19030.0
2017-02-17,16670.0,1942.0,36250.0,,18970.0
2017-02-20,,1937.0,36250.0,,19130.0
2017-02-21,,1911.0,36550.0,,19060.0
2017-02-22,,1911.0,36650.0,,18890.0
2017-02-23,16680.0,1914.0,36600.0,,19000.0
2017-02-24,,1928.0,36300.0,,19020.0
2017-02-27,17480.0,1960.0,35850.0,,19000.0
2017-02-28,17800.0,1960.0,35950.0,,18850.0
2017-03-01,,1903.0,36250.0,,18890.0
2017-03-02,,1870.0,36800.0,,19050.0
2017-03-03,17980.0,1887.0,36500.0,,18960.0
2017-03-06,16840.0,1906.0,36550.0,,18900.0
2017-03-07,16840.0,1912.0,36550.0,,18910.0
2017-03-08,,1930.0,36450.0,,
2017-03-09,,1915.0,36600.0,,
2017-03-10,17120.0,1856.0,37000.0,,19120.0
2017-03-13,17140.0,1855.0,37000.0,10050.0,
2017-03-14,,1857.0,37000.0,10040.0,19200.0
2017-03-15,,1862.0,36900.0,10040.0,19410.0
2017-03-16,16880.0,1860.0,36900.0,10040.0,
2017-03-17,17040.0,1874.0,36700.0,10040.0,
2017-03-21,,1887.0,36550.0,10070.0,19380.0
2017-03-22,16700.0,1970.0,35650.0,10090.0,19000.0
2017-03-23,16700.0,1958.0,35600.0,,18720.0
2017-03-24,,1921.0,35900.0,10100.0,19060.0
2017-03-27,,1981.0,35400.0,10130.0,18830.0
2017-03-28,16700.0,1937.0,35650.0,10130.0,
2017-03-29,,1908.0,36100.0,10150.0,19050.0
2017-03-30,16740.0,1933.0,36000.0,,19000.0
2017-03-31,16640.0,1957.0,35600.0,10150.0,18730.0
2017-04-03,,1944.0,35450.0,10200.0,18500.0
2017-04-04,16740.0,1980.0,35200.0,10200.0,18690.0
2017-04-05,,1972.0,34750.0,10200.0,18590.0
2017-04-06,,2026.0,34250.0,10120.0,18020.0
2017-04-07,,2011.0,34450.0,,18400.0
2017-04-10,16510.0,1985.0,34900.0,10300.0,18400.0
2017-04-11,,1995.0,34600.0,10300.0,
2017-04-12,16460.0,2038.0,34000.0,,18030.0
2017-04-13,16070.0,2063.0,33750.0,10300.0,17950.0
2017-04-14,,2085.0,33250.0,10300.0,
2017-04-17,16320.0,2080.0,33450.0,10120.0,17950.0
2017-04-18,,2062.0,33650.0,10290.0,18310.0
2017-04-19,,2061.0,33550.0,10300.0,18200.0
2017-04-20,16430.0,2062.0,33700.0,,18100.0
2017-04-21,,2017.0,34100.0,,
2017-04-24,16450.0,1962.0,34250.0,10300.0,
2017-04-25,16790.0,1921.0,34850.0,10300.0,18600.0
2017-04-26,16660.0,1881.0,35400.0,10300.0,18780.0
2017-04-27,16670.0,1887.0,35450.0,10090.0,
2017-04-28,,1897.0,35350.0,10110.0,
2017-05-01,16770.0,1875.0,35500.0,10150.0,19310.0
2017-05-02,16910.0,1847.0,35600.0,,19480.0
2017-05-08,17380.0,1762.0,36300.0,10290.0,19680.0
2017-05-09,17390.0,1770.0,36100.0,,19680.0
2017-05-10,17490.0,1761.0,36100.0,,
2017-05-11,17640.0,1749.0,36300.0,,19590.0
2017-05-12,,1763.0,36200.0,10300.0,19590.0
2017-05-15,17580.0,1768.0,35800.0,10400.0,19410.0
2017-05-16,,1758.0,35700.0,10400.0,19700.0
2017-05-17,17710.0,1777.0,35350.0,10200.0,
2017-05-18,17260.0,1822.0,35050.0,10210.0,19120.0
2017-05-19,17590.0,1814.0,35450.0,10380.0,19250.0
2017-05-22,,1799.0,35550.0,10370.0,19290.0
2017-05-23,17580.0,1812.0,35100.0,10350.0,19370.0
2017-05-24,,1787.0,35200.0,10230.0,
2017-05-25,17780.0,1775.0,35350.0,10220.0,19520.0
2017-05-26,17650.0,1795.0,35200.0,10220.0,19780.0
2017-05-29,17700.0,1797.0,35350.0,10270.0,19350.0
2017-05-30,,1801.0,35150.0,10210.0,
2017-05-31,17660.0,1803.0,34850.0,,
2017-06-01,17800.0,1765.0,35300.0,10210.0,19570.0
2017-06-02,17950.0,1705.0,36000.0,10280.0,19870.0
2017-06-05,18160.0,1708.0,35800.0,10280.0,20000.0
2017-06-06,,1744.0,35650.0,10220.0,
2017-06-07,,1744.0,35700.0,,19990.0
2017-06-08,18040.0,1752.0,35600.0,10300.0,19810.0
2017-06-09,17860.0,1736.0,35650.0,10190.0,20000.0
2017-06-12,17800.0,1755.0,35850.0,,
2017-06-13,17910.0,1754.0,35800.0,,
2017-06-14,,1758.0,35850.0,,20000.0
2017-06-15,17900.0,1768.0,35550.0,,20000.0
2017-06-16,,1749.0,35500.0,,19770.0
2017-06-19,18010.0,1726.0,35550.0,,19960.0
2017-06-20,18150.0,1698.0,35900.0,10180.0,20130.0
2017-06-21,,1715.0,35950.0,,20130.0
2017-06-22,18000.0,1716.0,35850.0,10270.0,20020.0
2017-06-23,18150.0,1714.0,35900.0,10200.0,20120.0
2017-06-26,,1710.0,35850.0,10200.0,20120.0
2017-06-27,,1701.0,35700.0,10180.0,20120.0
2017-06-28,,1710.0,36000.0,10300.0,20060.0
2017-06-29,18150.0,1697.0,36200.0,,20120.0
2017-06-30,,1726.0,36100.0,,20130.0
2017-07-03,,1722.0,36300.0,10300.0,20040.0
2017-07-04,17840.0,1725.0,36400.0,,20380.0
2017-07-05,,1718.0,36650.0,10170.0,20260.0
2017-07-06,,1734.0,36600.0,10170.0,20380.0
2017-07-07,,1742.0,36750.0,10220.0,20320.0
2017-07-10,17870.0,1716.0,36600.0,10150.0,20360.0
2017-07-11,18000.0,1698.0,36700.0,,20400.0
2017-07-12,,1713.0,36600.0,,19760.0
2017-07-13,18000.0,1713.0,36600.0,10150.0,20190.0
2017-07-14,18150.0,1709.0,36650.0,,
2017-07-18,,1731.0,36500.0,,
2017-07-19,17850.0,1727.0,36500.0,,20180.0
2017-07-20,,1706.0,36650.0,,20020.0
2017-07-21,,1713.0,36550.0,,
2017-07-24,18090.0,1735.0,36350.0,10150.0,20210.0
2017-07-25,18100.0,1738.0,36250.0,10140.0,20240.0
2017-07-26,,1721.0,36200.0,,20190.0
2017-07-27,,1716.0,36200.0,,
2017-07-28,,1738.0,36250.0,10120.0,20190.0
2017-07-31,18080.0,1740.0,36100.0,,20000.0
2017-08-01,18100.0,1733.0,36400.0,,
2017-08-02,,1714.0,36250.0,10150.0,20200.0
2017-08-03,,1726.0,36150.0,,19940.0
2017-08-04,18100.0,1736.0,36200.0,10100.0,
2017-08-07,,1720.0,36300.0,10100.0,20300.0
2017-08-08,18100.0,1731.0,36250.0,10270.0,20200.0
2017-08-09,18100.0,1775.0,36050.0,10200.0,20200.0
2017-08-10,,1775.0,35950.0,10190.0,20150.0
2017-08-14,17960.0,1810.0,35800.0,,
2017-08-15,18060.0,1769.0,36000.0,10190.0,
2017-08-16,,1774.0,35950.0,10170.0,
2017-08-17,17860.0,1778.0,35850.0,,19940.0
2017-08-18,17940.0,1821.0,35650.0,10120.0,19940.0
2017-08-21,17900.0,1834.0,35500.0,10110.0,19970.0
2017-08-22,,1834.0,35550.0,,
2017-08-23,,1828.0,35650.0,10170.0,
2017-08-24,,1842.0,35500.0,,19950.0
2017-08-25,,1821.0,35650.0,,19990.0
2017-08-28,17950.0,1823.0,35600.0,10120.0,
2017-08-29,,1836.0,35500.0,10120.0,
2017-08-30,,1809.0,35600.0,10120.0,19900.0
2017-08-31,17820.0,1783.0,35900.0,,20010.0
2017-09-01,,1777.0,35800.0,10110.0,20040.0
2017-09-04,,1806.0,35750.0,,20150.0
2017-09-05,,1833.0,35550.0,10180.0,19900.0
2017-09-06,17850.0,1835.0,35400.0,,19690.0
2017-09-07,17920.0,1828.0,35300.0,,19760.0
2017-09-08,17900.0,1850.0,35250.0,,19740.0
2017-09-11,17910.0,1801.0,35600.0,,19900.0
2017-09-12,18100.0,1758.0,35950.0,10110.0,20020.0
2017-09-13,,1741.0,36150.0,,20110.0
2017-09-14,18150.0,1751.0,36050.0,,20180.0
2017-09-15,,1732.0,36200.0,,20180.0
2017-09-19,18550.0,1662.0,36950.0,10170.0,20480.0
2017-09-20,,1663.0,36950.0,10100.0,20550.0
2017-09-21,,1653.0,37000.0,10100.0,20770.0
2017-09-22,,1662.0,37050.0,10190.0,
2017-09-25,,1647.0,37200.0,,20480.0
2017-09-26,18780.0,1661.0,37250.0,,
2017-09-27,,1644.0,37400.0,10090.0,20530.0
2017-09-28,,1631.0,37550.0,10090.0,20760.0
2017-09-29,18890.0,1633.0,37500.0,10050.0,20840.0
2017-10-02,,1624.0,37600.0,,20900.0
2017-10-03,,1591.0,37850.0,10150.0,21190.0
2017-10-04,,1588.0,37600.0,10120.0,21270.0
2017-10-05,18800.0,1586.0,37650.0,10090.0,21270.0
2017-10-06,,1577.0,37750.0,10000.0,21210.0
2017-10-10,,1558.0,37450.0,10000.0,21380.0
2017-10-11,,1549.0,37600.0,9990.0,21090.0
2017-10-12,,1538.0,37500.0,9990.0,21150.0
2017-10-13,19400.0,1508.0,37700.0,10070.0,21220.0
2017-10-16,19520.0,1493.0,37900.0,,21260.0
2017-10-17,,1481.0,37900.0,10070.0,
2017-10-18,,1476.0,38100.0,,21390.0
2017-10-19,,1467.0,38200.0,10070.0,21240.0
2017-10-20,19420.0,1465.0,38250.0,,21220.0
2017-10-23,19850.0,1432.0,38500.0,9990.0,
2017-10-24,19830.0,1417.0,38800.0,9990.0,21530.0
2017-10-25,,1429.0,39100.0,,21620.0
2017-10-26,,1425.0,39050.0,,21620.0
2017-10-27,,1391.0,39550.0,,21700.0
2017-10-30,19900.0,1391.0,39600.0,9990.0,21900.0
2017-10-31,,1390.0,39650.0,,
2017-11-01,20000.0,1339.0,39700.0,9990.0,21950.0
2017-11-02,,1324.0,39900.0,,21990.0
2017-11-06,20380.0,1322.0,40100.0,9930.0,22210.0
2017-11-07,20380.0,1275.0,40300.0,9990.0,
2017-11-08,20310.0,1277.0,40350.0,10020.0,22220.0
2017-11-09,20600.0,1282.0,40800.0,,22500.0
2017-11-10,20420.0,1304.0,40400.0,10020.0,22020.0
2017-11-13,20980.0,1337.0,39700.0,,
2017-11-15,20010.0,1378.0,39050.0,,21690.0
2017-11-16,20170.0,1339.0,39200.0,,
2017-11-17,20200.0,1331.0,39250.0,,21970.0
2017-11-20,20220.0,1349.0,39050.0,,21940.0
2017-11-21,20400.0,1332.0,39000.0,,21850.0
2017-11-22,,1317.0,39500.0,,
2017-11-24,,1315.0,39500.0,10050.0,
2017-11-27,20560.0,1322.0,39300.0,,21880.0
2017-11-28,20390.0,1321.0,39200.0,,
2017-11-29,,1310.0,39300.0,10070.0,22000.0
2017-11-30,20170.0,1292.0,39800.0,9930.0,
2017-12-01,20280.0,1283.0,40100.0,,22190.0
2017-12-04,20630.0,1295.0,40000.0,9990.0,22590.0
2017-12-05,20490.0,1305.0,39950.0,9990.0,22350.0
2017-12-06,20130.0,1357.0,39400.0,,22230.0
2017-12-07,20170.0,1316.0,39800.0,,22380.0
2017-12-08,20590.0,1280.0,40100.0,,22400.0
2017-12-11,20640.0,1269.0,40150.0,,22290.0
2017-12-12,20730.0,1273.0,40500.0,,
2017-12-13,20730.0,1286.0,40350.0,10050.0,
2017-12-14,,1297.0,40500.0,,22780.0
2017-12-15,,1309.0,40150.0,,22820.0
2017-12-18,20780.0,1268.0,40750.0,,22870.0
2017-12-19,20550.0,1272.0,40900.0,10010.0,22680.0
2017-12-20,,1268.0,40850.0,,22940.0
2017-12-21,20720.0,1274.0,40850.0,10010.0,22930.0
2017-12-22,20480.0,1270.0,41000.0,10010.0,22980.0
2017-12-25,20560.0,1265.0,41250.0,10010.0,23000.0
2017-12-26,,1269.0,41350.0,10010.0,23000.0
2017-12-27,20770.0,1264.0,41450.0,,22970.0
2017-12-28,,1281.0,41150.0,,22780.0
2017-12-29,20760.0,1280.0,41300.0,10010.0,22780.0
2018-01-04,21000.0,1201.0,42100.0,10000.0,23120.0
2018-01-05,21210.0,1177.0,42300.0,,23240.0
2018-01-09,21210.0,1165.0,42850.0,,23600.0
2018-01-10,21210.0,1167.0,42950.0,,
2018-01-11,21110.0,1178.0,43100.0,,23600.0
2018-01-12,20940.0,1183.0,42700.0,10000.0,23630.0
2018-01-15,20600.0,1177.0,43050.0,10000.0,23650.0
2018-01-16,20930.0,1152.0,43050.0,,
2018-01-17,21010.0,1162.0,42850.0,,
2018-01-18,,1171.0,42600.0,,23530.0
2018-01-19,20890.0,1167.0,42550.0,,23490.0
2018-01-22,,1167.0,42500.0,10000.0,
2018-01-23,,1135.0,42950.0,,23490.0
2018-01-24,,1154.0,42700.0,9900.0,23430.0
2018-01-25,,1180.0,42350.0,,23570.0
2018-01-26,,1183.0,42200.0,9990.0,23620.0
2018-01-29,21000.0,1183.0,42350.0,,23680.0
2018-01-30,,1217.0,41700.0,,23250.0
2018-01-31,20680.0,1236.0,41550.0,,
2018-02-01,,1198.0,42000.0,,23390.0
2018-02-02,20490.0,1218.0,42000.0,,23600.0
2018-02-05,20300.0,1277.0,41300.0,10020.0,23080.0
2018-02-06,18990.0,1401.0,40000.0,9930.0,21550.0
2018-02-07,19660.0,1393.0,40200.0,,22250.0
2018-02-08,19500.0,1359.0,40300.0,,22050.0
2018-02-09,19050.0,1422.0,39250.0,9880.0,21690.0
2018-02-13,19210.0,1444.0,38800.0,,21250.0
2018-02-14,19110.0,1455.0,38600.0,,21250.0
2018-02-15,19330.0,1409.0,38750.0,,
2018-02-16,19520.0,1377.0,39350.0,,
2018-02-19,19840.0,1321.0,40150.0,,22100.0
2018-02-20,19720.0,1351.0,39900.0,,21990.0
2018-02-21,19810.0,1343.0,39750.0,,22130.0
2018-02-22,19500.0,1373.0,39350.0,,22090.0
2018-02-23,19900.0,1354.0,39800.0,9860.0,22230.0
2018-02-26,19890.0,1317.0,40050.0,9990.0,
2018-02-27,20000.0,1289.0,40050.0,,
2018-02-28,19960.0,1324.0,40000.0,9980.0,22610.0
2018-03-01,19570.0,1367.0,39000.0,9980.0,22100.0
2018-03-02,19170.0,1437.0,38650.0,,21780.0
2018-03-05,19090.0,1455.0,38100.0,,21460.0
2018-03-06,19490.0,1401.0,38450.0,,21650.0
2018-03-07,19270.0,1423.0,38100.0,,21780.0
2018-03-08,,1410.0,38100.0,10100.0,
2018-03-09,19720.0,1396.0,38500.0,,
2018-03-12,19400.0,1345.0,38700.0,,21770.0
2018-03-13,,1331.0,38850.0,,
2018-03-14,,1353.0,38700.0,,22240.0
2018-03-15,19800.0,1351.0,38600.0,,21950.0
2018-03-16,18670.0,1366.0,38750.0,9950.0,21860.0
2018-03-19,19630.0,1392.0,38150.0,,21800.0
2018-03-20,19370.0,1405.0,38400.0,,21700.0
2018-03-22,18970.0,1377.0,38150.0,,21640.0
2018-03-23,19050.0,1504.0,37200.0,,21160.0
2018-03-26,18810.0,1482.0,37400.0,,20960.0
2018-03-27,19140.0,1404.0,38000.0,,
2018-03-28,,1417.0,38350.0,,
2018-03-29,19600.0,1400.0,38100.0,,
2018-03-30,19500.0,1356.0,38750.0,9870.0,21860.0
2018-04-02,,1366.0,38350.0,,22220.0
2018-04-03,19420.0,1379.0,38000.0,9990.0,22010.0
2018-04-04,,1375.0,37750.0,9870.0,21870.0
2018-04-05,19620.0,1330.0,38050.0,,
2018-04-06,,1340.0,38050.0,,22370.0
2018-04-09,,1327.0,38150.0,,
2018-04-10,19870.0,1311.0,38250.0,,22010.0
2018-04-11,,1324.0,38350.0,,22010.0
2018-04-12,,1329.0,38350.0,,
2018-04-13,19710.0,1314.0,38700.0,,22290.0
2018-04-16,,1306.0,38450.0,,22060.0
2018-04-17,19620.0,1305.0,38400.0,,
2018-04-18,,1268.0,38600.0,,22450.0
2018-04-19,19500.0,1265.0,38600.0,,22380.0
2018-04-20,,1266.0,38800.0,,
2018-04-23,,1275.0,39000.0,9940.0,22300.0
2018-04-24,,1252.0,39350.0,9880.0,22600.0
2018-04-25,,1261.0,39500.0,9910.0,22700.0
2018-04-26,19890.0,1248.0,39600.0,9880.0,22560.0
2018-04-27,19990.0,1232.0,39500.0,,22800.0
2018-05-01,19970.0,1228.0,39350.0,9950.0,22610.0
2018-05-02,19980.0,1232.0,39200.0,9940.0,22880.0
2018-05-07,19880.0,1232.0,39050.0,9880.0,22660.0
2018-05-08,,1226.0,39450.0,,22900.0
2018-05-09,,1239.0,39050.0,,23000.0
2018-05-10,,1228.0,39600.0,9860.0,23000.0
2018-05-11,20100.0,1199.0,39550.0,9800.0,22940.0
2018-05-14,,1188.0,39600.0,,23310.0
2018-05-15,20200.0,1196.0,39700.0,9760.0,23430.0
2018-05-16,,1203.0,39600.0,9700.0,23410.0
2018-05-17,,1190.0,40000.0,9790.0,23400.0
2018-05-18,,1183.0,40050.0,,23370.0
2018-05-21,20610.0,1173.0,40050.0,,23380.0
2018-05-22,,1180.0,39900.0,,23400.0
2018-05-23,,1206.0,39700.0,9760.0,23390.0
2018-05-24,,1234.0,39100.0,,23140.0
2018-05-25,,1230.0,38900.0,,
2018-05-28,,1230.0,38600.0,9760.0,23000.0
2018-05-29,,1242.0,38300.0,,
2018-05-30,,1280.0,37850.0,,22440.0
2018-05-31,,1258.0,38150.0,9720.0,22350.0
2018-06-01,,1263.0,38150.0,,22420.0
2018-06-04,,1226.0,38700.0,,23070.0
2018-06-05,,1220.0,38750.0,9660.0,23000.0
2018-06-06,,1211.0,38900.0,9680.0,23040.0
2018-06-07,,1188.0,39100.0,,22830.0
2018-06-08,,1204.0,38900.0,,23020.0
2018-06-11,,1191.0,38850.0,,22800.0
2018-06-12,,1181.0,39000.0,,23000.0
2018-06-13,,1174.0,39050.0,,23300.0
2018-06-14,,1197.0,38950.0,,23250.0
2018-06-15,,1184.0,38800.0,9630.0,23190.0
2018-06-18,,1202.0,38350.0,9650.0,22950.0
2018-06-19,20310.0,1243.0,37950.0,9680.0,22730.0
2018-06-20,,1214.0,37700.0,,22410.0
2018-06-21,,1196.0,37750.0,,22410.0
2018-06-22,,1215.0,37400.0,,22470.0
2018-06-25,19980.0,1236.0,37500.0,,22370.0
2018-06-26,,1234.0,37900.0,,
2018-06-27,,1242.0,37500.0,,22450.0
2018-06-28,,1240.0,37500.0,9690.0,22400.0
2018-06-29,,1236.0,37600.0,,
2018-07-02,,1292.0,37150.0,,22000.0
2018-07-03,,1294.0,37050.0,,21900.0
2018-07-04,,1302.0,36950.0,,21920.0
2018-07-05,,1322.0,36800.0,,21500.0
2018-07-06,,1292.0,37050.0,9750.0,21670.0
2018-07-09,,1262.0,37350.0,,21890.0
2018-07-10,,1243.0,37750.0,9690.0,22070.0
2018-07-11,,1276.0,37250.0,,21630.0
2018-07-12,19840.0,1244.0,37250.0,,21690.0
2018-07-13,,1198.0,37500.0,,21780.0
2018-07-17,,1187.0,37900.0,9660.0,21920.0
2018-07-18,,1176.0,37900.0,9700.0,22330.0
2018-07-19,,1181.0,37950.0,,22220.0
2018-07-20,,1187.0,37800.0,9700.0,
2018-07-23,,1221.0,37900.0,,21970.0
2018-07-24,,1206.0,38100.0,,22080.0
2018-07-25,,1197.0,38300.0,,22170.0
2018-07-26,,1199.0,38600.0,,
2018-07-27,20300.0,1186.0,38550.0,9700.0,
2018-07-30,,1202.0,38700.0,,22550.0
2018-07-31,,1200.0,38500.0,,22390.0
2018-08-01,,1179.0,38900.0,,
2018-08-02,,1206.0,38650.0,9680.0,22240.0
2018-08-03,,1203.0,38450.0,,22030.0
2018-08-06,,1205.0,38350.0,,21920.0
2018-08-07,,1188.0,38500.0,,21820.0
2018-08-08,21310.0,1189.0,38700.0,,22050.0
2018-08-09,19530.0,1193.0,38550.0,9680.0,21830.0
2018-08-10,20340.0,1226.0,38200.0,,21670.0
2018-08-13,,1272.0,37350.0,,21130.0
2018-08-14,,1218.0,37850.0,,21250.0
2018-08-15,19440.0,1232.0,37600.0,,21300.0
2018-08-16,20240.0,1232.0,37600.0,9730.0,20900.0
2018-08-17,,1225.0,37700.0,,20990.0
2018-08-20,,1234.0,37750.0,9740.0,21050.0
2018-08-21,,1229.0,37550.0,,20880.0
2018-08-22,,1218.0,37800.0,9700.0,20890.0
2018-08-23,,1211.0,37800.0,,21080.0
2018-08-24,,1190.0,37850.0,,21170.0
2018-08-27,,1168.0,38250.0,,21410.0
2018-08-28,,1166.0,38450.0,,21650.0
2018-08-29,,1160.0,38650.0,,
2018-08-30,,1158.0,38450.0,9850.0,
2018-08-31,20020.0,1161.0,38200.0,,21800.0
2018-09-03,,1176.0,37850.0,,
2018-09-04,,1176.0,37750.0,,21500.0
2018-09-05,,1188.0,37500.0,9660.0,21400.0
2018-09-06,,1198.0,37100.0,,
2018-09-07,,1217.0,36900.0,,20930.0
2018-09-10,,1208.0,37050.0,,
2018-09-11,,1180.0,37200.0,,
2018-09-12,,1185.0,37100.0,,20940.0
2018-09-13,,1162.0,37500.0,,21160.0
2018-09-14,,1133.0,38000.0,,21380.0
2018-09-18,,1100.0,38600.0,,21730.0
2018-09-19,20020.0,1077.0,39100.0,,22080.0
2018-09-20,,1076.0,39200.0,,22050.0
2018-09-21,,1056.0,39600.0,,
2018-09-25,,1054.0,40050.0,,
2018-09-26,,1031.0,40150.0,,22670.0
2018-09-27,,1050.0,40000.0,9620.0,22730.0
2018-09-28,20020.0,1021.0,40400.0,,22800.0
2018-10-01,20980.0,1010.0,40500.0,,22690.0
2018-10-02,19590.0,1009.0,40600.0,9630.0,22750.0
2018-10-03,,1023.0,39700.0,9570.0,22520.0
2018-10-04,,1035.0,39850.0,9550.0,22440.0
2018-10-05,,1048.0,39800.0,9570.0,22390.0
2018-10-09,,1075.0,39350.0,9570.0,21930.0
2018-10-10,,1073.0,39500.0,,21870.0
2018-10-11,,1157.0,38250.0,9610.0,21080.0
2018-10-12,,1145.0,38150.0,,21120.0
2018-10-15,,1190.0,37650.0,9760.0,20970.0
2018-10-16,19190.0,1160.0,38100.0,9620.0,20830.0
2018-10-17,19900.0,1130.0,38450.0,,
2018-10-18,,1147.0,38400.0,,21240.0
2018-10-19,19100.0,1159.0,38150.0,,20950.0
2018-10-22,18750.0,1149.0,38150.0,,21160.0
2018-10-23,,1212.0,37250.0,9600.0,20620.0
2018-10-24,,1201.0,37150.0,,20500.0
2018-10-25,18000.0,1293.0,36200.0,9640.0,19900.0
2018-10-26,17990.0,1301.0,36200.0,9670.0,19640.0
2018-10-29,,1307.0,36100.0,9710.0,19640.0
2018-10-30,,1270.0,36500.0,9710.0,19960.0
2018-10-31,,1215.0,37200.0,,20160.0
2018-11-01,,1242.0,36700.0,,20410.0
2018-11-02,,1175.0,37250.0,9600.0,20660.0
2018-11-05,18390.0,1211.0,36650.0,9600.0,20400.0
2018-11-06,,1183.0,37200.0,,
2018-11-07,,1189.0,36800.0,,
2018-11-08,,1146.0,37250.0,,20980.0
2018-11-09,18790.0,1170.0,37050.0,,20940.0
2018-11-12,18760.0,1167.0,37000.0,,20810.0
2018-11-13,18800.0,1217.0,36250.0,,20210.0
2018-11-14,,1214.0,36300.0,,20310.0
2018-11-15,,1216.0,36300.0,,20250.0
2018-11-16,,1231.0,36050.0,9620.0,20120.0
2018-11-19,,1214.0,36000.0,,20260.0
2018-11-20,,1241.0,36000.0,,20140.0
2018-11-21,18200.0,1246.0,35800.0,,19980.0
2018-11-22,18020.0,1230.0,35950.0,,
2018-11-26,,1212.0,36000.0,,20260.0
2018-11-27,18030.0,1196.0,36200.0,9670.0,20440.0
2018-11-28,18070.0,1172.0,36300.0,9610.0,20600.0
2018-11-29,,1166.0,36350.0,,
2018-11-30,18070.0,1155.0,36300.0,,21100.0
2018-12-03,,1130.0,36850.0,9600.0,21160.0
2018-12-04,,1183.0,36100.0,,21080.0
2018-12-05,,1199.0,35700.0,9600.0,20470.0
2018-12-06,18000.0,1245.0,35250.0,9610.0,20050.0
2018-12-07,,1224.0,35250.0,,20120.0
2018-12-10,,1273.0,34700.0,9600.0,19700.0
2018-12-11,,1282.0,34200.0,,19410.0
2018-12-12,,1225.0,34800.0,,19710.0
2018-12-13,,1203.0,35150.0,,19810.0
2018-12-14,18000.0,1252.0,34650.0,,19700.0
2018-12-17,,1234.0,34650.0,9580.0,19530.0
2018-12-18,,1280.0,34200.0,9590.0,19080.0
2018-12-19,,1293.0,34000.0,9590.0,18980.0
2018-12-20,,1370.0,33250.0,,18420.0
2018-12-21,17990.0,1398.0,32750.0,,17980.0
2018-12-25,16110.0,1541.0,31300.0,9620.0,17130.0
2018-12-26,,1502.0,31550.0,,17360.0
2018-12-27,,1390.0,32800.0,,18400.0
2018-12-28,,1398.0,32700.0,,18350.0
2019-01-04,16120.0,1464.0,32400.0,9630.0,18070.0
2019-01-07,16660.0,1388.0,33400.0,,18630.0
2019-01-08,,1358.0,33800.0,,18700.0
2019-01-09,,1332.0,33850.0,,18870.0
2019-01-10,,1366.0,33750.0,,18630.0
2019-01-11,,1338.0,34000.0,,18560.0
2019-01-15,,1314.0,34450.0,9720.0,18700.0
2019-01-16,,1327.0,34200.0,,18610.0
2019-01-17,,1333.0,34400.0,,18640.0
2019-01-18,,1297.0,34700.0,,18890.0
2019-01-21,,1290.0,34950.0,9870.0,19170.0
2019-01-22,,1306.0,34750.0,,
2019-01-23,,1306.0,34550.0,,18720.0
2019-01-24,,1308.0,34700.0,9780.0,
2019-01-25,,1281.0,35000.0,,
2019-01-28,,1301.0,34900.0,,19110.0
2019-01-29,16660.0,1298.0,34700.0,9820.0,18750.0
2019-01-30,,1308.0,34550.0,,18900.0
2019-01-31,,1281.0,34950.0,,18900.0
2019-02-01,,1283.0,34450.0,,19150.0
2019-02-04,,1269.0,34800.0,,19180.0
2019-02-05,,1276.0,34800.0,9730.0,19260.0
2019-02-06,,1269.0,34800.0,,19440.0
2019-02-07,,1285.0,34400.0,,
2019-02-08,,1337.0,33650.0,9670.0,18790.0
2019-02-12,,1265.0,34100.0,,19030.0
2019-02-13,,1231.0,34650.0,,19210.0
2019-02-14,17790.0,1233.0,34650.0,,19250.0
2019-02-15,,1260.0,34400.0,,19310.0
2019-02-18,,1214.0,35000.0,,19490.0
2019-02-19,,1209.0,35150.0,,19470.0
2019-02-20,16690.0,1197.0,35150.0,,19530.0
2019-02-21,,1191.0,35200.0,,19680.0
2019-02-22,17000.0,1195.0,35000.0,,19580.0
2019-02-25,,1183.0,35200.0,,
2019-02-26,,1193.0,34900.0,,19560.0
2019-02-27,,1178.0,35150.0,,19790.0
2019-02-28,,1200.0,34800.0,,19700.0
2019-03-01,,1172.0,34900.0,,19800.0
2019-03-04,,1148.0,35100.0,,19970.0
2019-03-05,,1162.0,34900.0,9560.0,19880.0
2019-03-06,18200.0,1173.0,34700.0,9580.0,19720.0
2019-03-07,,1191.0,34450.0,,19550.0
2019-03-08,,1239.0,33850.0,,19490.0
2019-03-11,,1226.0,34000.0,9590.0,19260.0
2019-03-12,,1179.0,34500.0,9570.0,19290.0
2019-03-13,,1204.0,34150.0,,19330.0
2019-03-14,,1200.0,34050.0,,19120.0
2019-03-15,,1182.0,34450.0,,19540.0
2019-03-18,,1169.0,34650.0,,19520.0
2019-03-19,,1172.0,34700.0,9590.0,19570.0
2019-03-20,,1167.0,34700.0,,19620.0
2019-03-22,,1173.0,34700.0,,19410.0
2019-03-25,,1239.0,33900.0,9590.0,19210.0
2019-03-26,,1185.0,34650.0,,19530.0
2019-03-27,,1170.0,34700.0,,19620.0
2019-03-28,,1205.0,34250.0,,
2019-03-29,,1184.0,34250.0,,19590.0
2019-04-01,,1150.0,34900.0,9590.0,19720.0
2019-04-02,,1150.0,35150.0,9580.0,19730.0
2019-04-03,,1130.0,35050.0,9580.0,19630.0
2019-04-04,,1129.0,34700.0,,19790.0
2019-04-05,,1118.0,34850.0,,19790.0
2019-04-08,,1121.0,34600.0,,19940.0
2019-04-09,17800.0,1121.0,34550.0,,19820.0
2019-04-10,,1130.0,34250.0,9440.0,19900.0
2019-04-11,,1128.0,34150.0,,19750.0
2019-04-12,,1112.0,34100.0,,19900.0
2019-04-15,18200.0,1081.0,34500.0,9390.0,
2019-04-16,,1075.0,34500.0,,19860.0
2019-04-17,,1070.0,34800.0,,19830.0
2019-04-18,,1090.0,34600.0,,20030.0
2019-04-19,18500.0,1078.0,34500.0,,19980.0
2019-04-22,,1074.0,34400.0,,
2019-04-23,,1071.0,34550.0,,19630.0
2019-04-24,18500.0,1076.0,34150.0,9360.0,19990.0
2019-04-25,,1066.0,34300.0,9320.0,19740.0
2019-04-26,,1070.0,34300.0,,19560.0
2019-05-07,17010.0,1104.0,33700.0,9310.0,19440.0
2019-05-08,18510.0,1136.0,33200.0,,19140.0
2019-05-09,,1155.0,32750.0,9260.0,19340.0
2019-05-10,16910.0,1160.0,32700.0,,19040.0
2019-05-13,17030.0,1180.0,32600.0,,18600.0
2019-05-14,,1191.0,32350.0,,18500.0
2019-05-15,,1179.0,32400.0,9210.0,18750.0
2019-05-16,,1194.0,32200.0,9200.0,
2019-05-17,,1171.0,32350.0,,
2019-05-20,,1163.0,32450.0,9180.0,19210.0
2019-05-21,,1168.0,32450.0,,18980.0
2019-05-22,,1167.0,32450.0,,
2019-05-23,,1182.0,32250.0,,18700.0
2019-05-24,,1188.0,32100.0,9180.0,18550.0
2019-05-27,17830.0,1178.0,32250.0,,
2019-05-28,,1171.0,32400.0,,
2019-05-29,,1199.0,32200.0,,
2019-05-30,,1207.0,32250.0,,
2019-05-31,,1245.0,31750.0,,18500.0
2019-06-03,,1270.0,31500.0,9160.0,18380.0
2019-06-04,,1267.0,31750.0,9210.0,18400.0
2019-06-05,,1221.0,32050.0,,18560.0
2019-06-06,17830.0,1221.0,32050.0,,18770.0
2019-06-07,,1205.0,32300.0,9190.0,18760.0
2019-06-10,,1180.0,32500.0,9200.0,19080.0
2019-06-11,,1170.0,32600.0,9180.0,19200.0
2019-06-12,,1178.0,32550.0,9190.0,
2019-06-13,,1192.0,32250.0,9200.0,19000.0
2019-06-14,18010.0,1180.0,32300.0,,18760.0
2019-06-17,,1177.0,32200.0,,19030.0
2019-06-18,,1197.0,31900.0,9190.0,18730.0
2019-06-19,,1153.0,32550.0,,18690.0
2019-06-20,,1142.0,32600.0,,
2019-06-21,,1163.0,32500.0,,18800.0
2019-06-24,,1159.0,32650.0,,18880.0
2019-06-25,,1171.0,32450.0,,18830.0
2019-06-26,,1178.0,32350.0,9190.0,18700.0
2019-06-27,,1151.0,32750.0,9200.0,
2019-06-28,,1158.0,32650.0,,18950.0
2019-07-01,,1104.0,33250.0,,18900.0
2019-07-02,,1105.0,33450.0,,19160.0
2019-07-03,,1117.0,33150.0,,19160.0
2019-07-04,,1110.0,33050.0,,19500.0
2019-07-05,,1105.0,33100.0,,19250.0
2019-07-08,,1125.0,33000.0,9200.0,19420.0
2019-07-09,,1125.0,33050.0,9190.0,19250.0
2019-07-10,,1122.0,32950.0,9200.0,
2019-07-11,,1114.0,33050.0,9180.0,19070.0
2019-07-12,,1109.0,33000.0,,
2019-07-16,,1124.0,32850.0,9200.0,18870.0
2019-07-17,,1132.0,32850.0,9220.0,
2019-07-18,,1179.0,32050.0,,18360.0
2019-07-19,,1130.0,32450.0,9150.0,18470.0
2019-07-22,,1137.0,32350.0,,18470.0
2019-07-23,,1114.0,32600.0,9140.0,18450.0
2019-07-24,,1104.0,32700.0,9150.0,18790.0
2019-07-25,,1096.0,32500.0,,
2019-07-26,,1109.0,32400.0,,18900.0
2019-07-29,,1115.0,32150.0,9100.0,
2019-07-30,,1104.0,32150.0,,18640.0
2019-07-31,,1119.0,32050.0,,
2019-08-01,,1121.0,32100.0,,18530.0
2019-08-02,,1167.0,31350.0,,18200.0
2019-08-05,,1209.0,30850.0,9050.0,17570.0
2019-08-06,17840.0,1221.0,30900.0,9040.0,17570.0
2019-08-07,,1229.0,30750.0,,17770.0
2019-08-08,,1217.0,30550.0,,
2019-08-09,,1210.0,30600.0,9040.0,
2019-08-13,,1238.0,30050.0,9020.0,17540.0
2019-08-14,,1213.0,30300.0,9030.0,17560.0
2019-08-15,,1243.0,29910.0,9040.0,17370.0
2019-08-16,,1237.0,29950.0,9040.0,17500.0
2019-08-19,,1221.0,30300.0,9070.0,17520.0
2019-08-20,,1209.0,30400.0,9070.0,17620.0
2019-08-21,,1215.0,30250.0,9050.0,17620.0
2019-08-22,,1213.0,30200.0,9060.0,17590.0
2019-08-23,,1202.0,30300.0,9060.0,17740.0
2019-08-26,,1254.0,29850.0,9070.0,
2019-08-27,,1233.0,30100.0,9080.0,17640.0
2019-08-28,,1227.0,30050.0,9100.0,17500.0
2019-08-29,,1231.0,30100.0,9100.0,
2019-08-30,,1198.0,30600.0,9080.0,17890.0
2019-09-02,,1208.0,30600.0,9080.0,17890.0
2019-09-03,,1209.0,30800.0,9110.0,17880.0
2019-09-04,,1205.0,30650.0,9090.0,17780.0
2019-09-05,,1152.0,31200.0,9070.0,17800.0
2019-09-06,,1144.0,31450.0,9120.0,
2019-09-09,,1129.0,31650.0,9070.0,18190.0
2019-09-10,,1121.0,32300.0,9150.0,
2019-09-11,,1101.0,33200.0,,18480.0
2019-09-12,,1081.0,33400.0,9220.0,18810.0
2019-09-13,,1057.0,33450.0,9220.0,
2019-09-17,,1059.0,33600.0,,18690.0
2019-09-18,,1061.0,33250.0,9190.0,18910.0
2019-09-19,,1053.0,33300.0,9190.0,18590.0
2019-09-20,,1051.0,33400.0,9170.0,18960.0
2019-09-24,,1046.0,33400.0,9160.0,18990.0
2019-09-25,,1055.0,33450.0,,
2019-09-26,,1056.0,33550.0,,19110.0
2019-09-27,,1054.0,33500.0,9180.0,19080.0
2019-09-30,,1066.0,33000.0,9190.0,18960.0
2019-10-01,,1051.0,33500.0,9220.0,19240.0
2019-10-02,,1062.0,33450.0,9230.0,19210.0
2019-10-03,,1104.0,32800.0,,18830.0
2019-10-04,,1097.0,32150.0,9210.0,18870.0
2019-10-07,,1099.0,32050.0,9100.0,18560.0
2019-10-08,,1077.0,32350.0,9110.0,
2019-10-09,,1090.0,32100.0,,19050.0
2019-10-10,,1081.0,32250.0,9100.0,19150.0
2019-10-11,,1057.0,32700.0,9120.0,18860.0
2019-10-15,,1017.0,33100.0,,19490.0
2019-10-16,17840.0,994.0,33200.0,9140.0,19230.0
2019-10-17,19000.0,993.0,33200.0,,19400.0
2019-10-18,,988.0,33150.0,9170.0,19420.0
2019-10-21,,983.0,33350.0,,19480.0
2019-10-23,,976.0,33550.0,,19550.0
2019-10-24,19800.0,965.0,33850.0,,19770.0
2019-10-25,19500.0,962.0,33700.0,9210.0,19790.0
2019-10-28,19100.0,956.0,33900.0,,19700.0
2019-10-29,,948.0,34200.0,,19870.0
2019-10-30,19000.0,959.0,34100.0,9190.0,19800.0
2019-10-31,,952.0,34100.0,,19930.0
2019-11-01,,958.0,33900.0,,19940.0
2019-11-05,,921.0,34600.0,9200.0,20120.0
2019-11-06,,920.0,34700.0,9200.0,20140.0
2019-11-07,,919.0,34800.0,9220.0,20140.0
2019-11-08,,912.0,34950.0,9250.0,
2019-11-11,18550.0,916.0,34950.0,9240.0,20500.0
2019-11-12,,901.0,35300.0,9270.0,20510.0
2019-11-13,,917.0,34900.0,9250.0,20500.0
2019-11-14,,931.0,34550.0,9230.0,20070.0
2019-11-15,,917.0,34800.0,,
2019-11-18,,911.0,34600.0,9180.0,20310.0
2019-11-19,,918.0,34550.0,9190.0,20610.0
2019-11-20,,931.0,34250.0,9190.0,20530.0
2019-11-21,,938.0,34300.0,,
2019-11-22,,932.0,34200.0,,20260.0
2019-11-25,18700.0,918.0,34550.0,,20480.0
2019-11-26,,911.0,34750.0,,20490.0
2019-11-27,,906.0,34700.0,9230.0,
2019-11-28,19490.0,910.0,34600.0,,
2019-11-29,,918.0,34600.0,9220.0,20500.0
2019-12-02,,898.0,34850.0,,20270.0
2019-12-03,19860.0,910.0,34550.0,,20260.0
2019-12-04,,931.0,34500.0,9210.0,20480.0
2019-12-05,19060.0,915.0,34700.0,,20480.0
2019-12-06,19870.0,910.0,34750.0,,20510.0
2019-12-09,,906.0,35050.0,9230.0,20570.0
2019-12-10,19870.0,906.0,35050.0,,20590.0
2019-12-11,,908.0,35000.0,9250.0,20910.0
2019-12-12,19870.0,905.0,34850.0,,
2019-12-13,19870.0,858.0,35350.0,,21060.0
2019-12-16,20000.0,863.0,35250.0,9210.0,20800.0
2019-12-17,19500.0,856.0,35350.0,9200.0,
2019-12-18,19980.0,864.0,35250.0,9200.0,20830.0
2019-12-19,19980.0,870.0,35150.0,9190.0,20900.0
2019-12-20,,873.0,35100.0,,20670.0
2019-12-23,19980.0,874.0,34950.0,,
2019-12-24,,872.0,34900.0,9170.0,20760.0
2019-12-25,,874.0,34800.0,9170.0,20480.0
2019-12-26,,867.0,34850.0,,20570.0
2019-12-27,,866.0,35050.0,,20890.0
2019-12-30,,881.0,34900.0,9150.0,20700.0
2020-01-06,,918.0,34350.0,,20400.0
2020-01-07,,888.0,34650.0,,20480.0
2020-01-08,,914.0,34200.0,9130.0,20550.0
2020-01-09,,873.0,34550.0,9100.0,20760.0
2020-01-10,20000.0,863.0,34500.0,,20900.0
2020-01-14,19980.0,852.0,34500.0,9050.0,
2020-01-15,19970.0,858.0,34500.0,,20620.0
2020-01-16,,856.0,34300.0,9080.0,20640.0
2020-01-17,,849.0,34700.0,9080.0,20640.0
2020-01-20,,845.0,34800.0,9100.0,20800.0
2020-01-21,,863.0,34600.0,,20450.0
2020-01-22,,851.0,34700.0,,20520.0
2020-01-23,19970.0,867.0,34400.0,9070.0,20480.0
2020-01-24,,863.0,34250.0,9070.0,20240.0
2020-01-27,,900.0,33800.0,9080.0,
2020-01-28,19610.0,907.0,33550.0,,19800.0
2020-01-29,,895.0,33700.0,,19900.0
2020-01-30,19630.0,928.0,33450.0,9090.0,19670.0
2020-01-31,,908.0,33500.0,,19630.0
2020-02-03,,925.0,33250.0,,19460.0
2020-02-04,,918.0,33200.0,,19780.0
2020-02-05,,897.0,33550.0,,20180.0
2020-02-06,,855.0,34350.0,,
2020-02-07,20720.0,858.0,34150.0,9080.0,20140.0
2020-02-10,,867.0,33850.0,9060.0,
2020-02-12,,854.0,33700.0,,20160.0
2020-02-13,19100.0,858.0,33550.0,9020.0,
2020-02-14,,869.0,33400.0,,20090.0
2020-02-17,19700.0,880.0,33250.0,,19660.0
2020-02-18,,904.0,33050.0,9070.0,19390.0
2020-02-19,,888.0,32950.0,9050.0,19480.0
2020-02-20,,880.0,33000.0,,19150.0
2020-02-21,19740.0,889.0,33150.0,9030.0,
2020-02-25,19640.0,946.0,32300.0,,18500.0
2020-02-26,,961.0,32050.0,9030.0,18210.0
2020-02-27,19000.0,1001.0,31350.0,9040.0,17900.0
2020-02-28,18470.0,1081.0,30500.0,,17220.0
2020-03-02,18410.0,1052.0,30400.0,8990.0,17430.0
2020-03-03,,1079.0,30000.0,,17390.0
2020-03-04,,1079.0,29950.0,9010.0,17300.0
2020-03-05,18850.0,1055.0,30100.0,,17430.0
2020-03-06,18360.0,1114.0,29040.0,,16600.0
2020-03-09,18020.0,1231.0,27120.0,8980.0,15690.0
2020-03-10,18020.0,1199.0,27270.0,9050.0,15870.0
2020-03-11,,1255.0,26940.0,8980.0,15560.0
2020-03-12,16420.0,1367.0,25800.0,8950.0,14850.0
2020-03-13,15380.0,1531.0,24450.0,8650.0,14000.0
2020-03-16,,1622.0,24040.0,8830.0,13510.0
2020-03-17,18580.0,1601.0,24420.0,,14680.0
2020-03-18,18180.0,1653.0,24410.0,,14680.0
2020-03-19,,1674.0,24810.0,8840.0,14590.0
2020-03-23,17000.0,1625.0,24930.0,8860.0,14540.0
2020-03-24,15890.0,1387.0,25990.0,,14800.0
2020-03-25,16400.0,1157.0,27570.0,8860.0,15500.0
2020-03-26,,1260.0,27100.0,,
2020-03-27,,1209.0,27660.0,,15890.0
2020-03-30,16400.0,1194.0,27470.0,,16450.0
2020-03-31,16860.0,1212.0,27030.0,,16740.0
2020-04-01,,1312.0,26030.0,,15590.0
2020-04-02,,1344.0,25580.0,,15360.0
2020-04-03,,1343.0,25350.0,,14840.0
2020-04-06,,1226.0,25600.0,8710.0,14910.0
2020-04-07,16500.0,1174.0,26250.0,,15950.0
2020-04-08,,1126.0,26300.0,8580.0,15750.0
2020-04-09,16880.0,1128.0,26280.0,8590.0,15940.0
2020-04-10,16860.0,1107.0,26490.0,,16020.0
2020-04-13,,1160.0,26060.0,,16210.0
2020-04-14,,1088.0,26390.0,8510.0,16210.0
2020-04-15,17030.0,1092.0,26150.0,,16200.0
2020-04-16,,1123.0,25780.0,8500.0,16160.0
2020-04-17,17290.0,1055.0,26000.0,8650.0,17140.0
2020-04-20,17170.0,1076.0,25910.0,,16480.0
2020-04-21,16570.0,1119.0,25630.0,,16400.0
2020-04-22,16600.0,1136.0,25420.0,,16120.0
2020-04-23,,1103.0,25890.0,,16470.0
2020-04-24,16680.0,1119.0,26000.0,8470.0,16110.0
2020-04-27,17110.0,1060.0,26540.0,,16530.0
2020-04-28,,1060.0,26520.0,,16720.0
2020-04-30,16810.0,1013.0,26990.0,8480.0,16850.0
2020-05-01,18000.0,1067.0,26220.0,,17040.0
2020-05-07,17890.0,1066.0,25670.0,,16710.0
2020-05-08,17550.0,1011.0,26280.0,,16840.0
2020-05-11,17650.0,988.0,26960.0,,17660.0
2020-05-12,,989.0,26660.0,,17770.0
2020-05-13,,1000.0,26580.0,,17200.0
2020-05-14,17790.0,1036.0,26020.0,,17540.0
2020-05-15,17530.0,1021.0,26070.0,,17170.0
2020-05-18,17580.0,1010.0,26140.0,,17290.0
2020-05-19,17700.0,977.0,26770.0,,17180.0
2020-05-20,17970.0,965.0,26770.0,,17400.0
2020-05-21,18050.0,968.0,26750.0,,17470.0
2020-05-22,,983.0,26350.0,,
2020-05-25,18190.0,950.0,26660.0,,17880.0
2020-05-26,18320.0,901.0,27310.0,8470.0,17900.0
2020-05-27,18320.0,888.0,27860.0,,18500.0
2020-05-28,18770.0,848.0,28510.0,,18590.0
2020-05-29,,851.0,27990.0,8470.0,18330.0
2020-06-01,18770.0,835.0,27940.0,8400.0,18650.0
2020-06-02,19000.0,814.0,28220.0,,18880.0
2020-06-03,19280.0,794.0,28630.0,8450.0,18970.0
2020-06-04,,790.0,28660.0,8430.0,18950.0
2020-06-05,19620.0,777.0,29110.0,,19350.0
2020-06-08,,757.0,29710.0,,19200.0
2020-06-09,,760.0,29660.0,,19230.0
2020-06-10,,759.0,29420.0,,19170.0
2020-06-11,,804.0,28440.0,,18760.0
2020-06-12,,815.0,28110.0,8410.0,18440.0
2020-06-15,19320.0,873.0,27900.0,8420.0,
2020-06-16,19340.0,786.0,28630.0,,18700.0
2020-06-17,,792.0,28390.0,,18700.0
2020-06-18,,799.0,28200.0,,18660.0
2020-06-19,,791.0,28060.0,,18620.0
2020-06-22,19620.0,793.0,28010.0,,18700.0
2020-06-23,19620.0,784.0,28150.0,,18830.0
2020-06-24,,785.0,27910.0,,18560.0
2020-06-25,,805.0,27530.0,8260.0,18420.0
2020-06-26,,785.0,27790.0,,18510.0
2020-06-29,19620.0,819.0,27630.0,,18420.0
2020-06-30,19670.0,800.0,27700.0,8260.0,18430.0
2020-07-01,,813.0,27340.0,8260.0,
2020-07-02,,811.0,27620.0,,17970.0
2020-07-03,,798.0,27760.0,8390.0,18030.0
2020-07-06,19370.0,769.0,27630.0,,18400.0
2020-07-07,19480.0,776.0,27370.0,,
2020-07-08,,786.0,27270.0,8200.0,18350.0
2020-07-09,,778.0,27220.0,8200.0,18120.0
2020-07-10,,795.0,26950.0,,17820.0
2020-07-13,19550.0,764.0,27410.0,8210.0,18360.0
2020-07-14,19830.0,775.0,27540.0,,17930.0
2020-07-15,19660.0,750.0,27830.0,,18130.0
2020-07-16,,761.0,27970.0,,18340.0
2020-07-17,,766.0,27810.0,,18050.0
2020-07-20,,765.0,27890.0,8210.0,18000.0
2020-07-21,,753.0,27640.0,8120.0,18170.0
2020-07-22,,761.0,27580.0,8170.0,18160.0
2020-07-27,19320.0,766.0,27510.0,8320.0,17950.0
2020-07-28,,768.0,27370.0,,
2020-07-29,,786.0,26910.0,,17890.0
2020-07-30,,790.0,26710.0,8060.0,17650.0
2020-07-31,19240.0,834.0,26790.0,,17220.0
2020-08-03,,798.0,26080.0,8000.0,17510.0
2020-08-04,,769.0,26900.0,,17820.0
2020-08-05,,774.0,26910.0,,17810.0
2020-08-06,19340.0,780.0,26820.0,,
2020-08-07,,786.0,26850.0,7980.0,17720.0
2020-08-11,19830.0,758.0,27720.0,,18160.0
2020-08-12,19900.0,752.0,28230.0,,18500.0
2020-08-13,19930.0,724.0,28370.0,,18620.0
2020-08-14,19730.0,722.0,28270.0,,
2020-08-17,19730.0,732.0,28230.0,,18510.0
2020-08-18,20260.0,735.0,28000.0,,18420.0
2020-08-19,,732.0,28050.0,8050.0,18490.0
2020-08-20,,747.0,27910.0,,18480.0
2020-08-21,,742.0,27990.0,,18440.0
2020-08-24,20770.0,739.0,27970.0,8030.0,18530.0
2020-08-25,20790.0,720.0,28420.0,,18750.0
2020-08-26,20780.0,720.0,28390.0,,
2020-08-27,,727.0,28090.0,8220.0,18680.0
2020-08-28,,745.0,28160.0,7950.0,18500.0
2020-08-31,20510.0,727.0,28540.0,8110.0,18750.0
2020-09-01,20380.0,729.0,28520.0,8140.0,18630.0
2020-09-02,,722.0,28400.0,,18700.0
2020-09-03,,708.0,28540.0,,18730.0
2020-09-04,20230.0,723.0,28540.0,8110.0,18650.0
2020-09-07,20210.0,731.0,28610.0,8120.0,
2020-09-08,,718.0,28710.0,8140.0,
2020-09-09,19710.0,734.0,28430.0,8190.0,18600.0
2020-09-10,,721.0,28750.0,8280.0,18800.0
2020-09-11,,710.0,28840.0,8180.0,18970.0
2020-09-14,,700.0,29070.0,8210.0,19110.0
2020-09-15,,707.0,28930.0,8130.0,19200.0
2020-09-16,,706.0,28660.0,8100.0,19290.0
2020-09-17,,714.0,28500.0,,
2020-09-18,20350.0,711.0,28490.0,8160.0,19510.0
2020-09-23,20070.0,711.0,28280.0,8050.0,19370.0
2020-09-24,20070.0,728.0,27970.0,8130.0,19250.0
2020-09-25,,719.0,27940.0,8050.0,
2020-09-28,,704.0,28330.0,,19560.0
2020-09-29,,690.0,28620.0,,20030.0
2020-09-30,,710.0,27900.0,8010.0,20000.0
2020-10-02,,722.0,27670.0,8040.0,19190.0
2020-10-05,,703.0,28260.0,8030.0,19480.0
2020-10-06,,697.0,28140.0,8100.0,19540.0
2020-10-07,,697.0,28120.0,8000.0,19590.0
2020-10-08,,683.0,28090.0,8000.0,19590.0
2020-10-09,20590.0,686.0,27840.0,,19600.0
2020-10-12,,687.0,27670.0,7990.0,19500.0
2020-10-13,,686.0,27790.0,,19500.0
2020-10-14,21080.0,685.0,27540.0,7940.0,
2020-10-15,21060.0,690.0,27480.0,,19460.0
2020-10-16,21010.0,695.0,27690.0,7910.0,
2020-10-19,,681.0,27620.0,7910.0,
2020-10-20,20990.0,687.0,27600.0,,19230.0
2020-10-21,20960.0,682.0,27690.0,,19390.0
2020-10-22,20970.0,692.0,27550.0,,19190.0
2020-10-23,,688.0,27790.0,7950.0,
2020-10-26,,691.0,27790.0,,19150.0
2020-10-27,20910.0,691.0,27710.0,,18880.0
2020-10-28,,695.0,27220.0,,18960.0
2020-10-29,,701.0,27180.0,,18760.0
2020-10-30,20950.0,720.0,27140.0,,19160.0
2020-11-02,20510.0,700.0,27480.0,,18860.0
2020-11-04,20670.0,675.0,27620.0,,19080.0
2020-11-05,20520.0,651.0,27480.0,,19180.0
2020-11-06,20500.0,640.0,27650.0,,
2020-11-09,20970.0,612.0,27850.0,7760.0,19570.0
2020-11-10,21700.0,610.0,28790.0,7880.0,19560.0
2020-11-11,,588.0,29320.0,7890.0,19900.0
2020-11-12,,580.0,29110.0,,
2020-11-13,21670.0,587.0,28670.0,,19600.0
2020-11-16,22100.0,562.0,29180.0,,19400.0
2020-11-17,21720.0,558.0,29560.0,,19980.0
2020-11-18,22110.0,570.0,29300.0,7860.0,19730.0
2020-11-19,21940.0,575.0,29370.0,,19650.0
2020-11-20,21950.0,579.0,29270.0,,19600.0
2020-11-24,23110.0,550.0,29700.0,,20010.0
2020-11-25,23580.0,544.0,29710.0,,19850.0
2020-11-26,23580.0,534.0,29690.0,7800.0,19940.0
2020-11-27,22810.0,530.0,29620.0,7710.0,20160.0
2020-11-30,23610.0,537.0,28790.0,7620.0,19710.0
2020-12-01,,523.0,28970.0,,19930.0
2020-12-02,23590.0,524.0,29330.0,7660.0,20020.0
2020-12-03,23520.0,523.0,29540.0,,20400.0
2020-12-04,22600.0,525.0,29610.0,,19940.0
2020-12-07,22890.0,534.0,29610.0,,19750.0
2020-12-08,23100.0,537.0,29510.0,,19800.0
2020-12-09,,523.0,29730.0,,19920.0
2020-12-10,23090.0,524.0,29750.0,,19960.0
2020-12-11,23100.0,529.0,29720.0,,20070.0
2020-12-14,23100.0,525.0,29910.0,,20220.0
2020-12-15,,527.0,29760.0,,20170.0
2020-12-16,23200.0,524.0,29880.0,,20170.0
2020-12-17,23340.0,522.0,29820.0,7640.0,20060.0
2020-12-18,23540.0,525.0,29930.0,,20150.0
2020-12-21,,527.0,29870.0,7650.0,20160.0
2020-12-22,,538.0,29540.0,,19740.0
2020-12-24,,527.0,29470.0,,19930.0
2020-12-25,23030.0,526.0,29650.0,,20110.0
2020-12-28,23030.0,520.0,29790.0,,20060.0
2020-12-30,,494.0,30000.0,7710.0,20250.0
2021-01-04,24000.0,501.0,29650.0,7700.0,20010.0
2021-01-04,24000.0,501.0,29650.0,7700.0,20010.0
2021-01-04,24000.0,501.0,29650.0,7700.0,20010.0
2021-01-04,24000.0,501.0,29650.0,7700.0,20010.0
2021-01-04,24000.0,501.0,29650.0,7700.0,20010.0
2021-01-04,24000.0,501.0,29650.0,7700.0,20010.0
2021-01-05,,506.0,29620.0,7680.0,20070.0
2021-01-06,,509.0,29840.0,7660.0,20200.0
2021-01-07,,494.0,30600.0,,20480.0
2021-01-08,,470.0,31000.0,,20600.0
2021-01-12,,467.0,31250.0,,20560.0
2021-01-14,23780.0,450.0,31600.0,7630.0,20760.0
2021-01-18,,465.0,31200.0,,20410.0
2021-01-19,23780.0,452.0,31300.0,,20390.0
2021-01-20,,456.0,31350.0,,20450.0
2021-01-21,,448.0,31450.0,,20580.0
2021-01-22,,451.0,31350.0,,20450.0
2021-01-25,23800.0,446.0,31550.0,,20620.0
2021-01-26,,455.0,31500.0,7710.0,20500.0
2021-01-27,,451.0,31700.0,,20580.0
2021-01-28,,466.0,31500.0,7750.0,20570.0
2021-01-29,,483.0,31000.0,,20330.0
2021-02-01,,467.0,31350.0,,20570.0
2021-02-02,,459.0,31350.0,,20810.0
2021-02-03,,449.0,31850.0,,20980.0
2021-02-12,,422.0,33100.0,7730.0,21440.0
2021-02-24,,415.0,33550.0,,21140.0
2021-02-26,23570.0,432.0,33100.0,,20800.0
2021-03-03,23010.0,416.0,33950.0,,21200.0
