,日付,始値,高値,安値,終値,出来高,終値調整
0,2015-10-20,1506.0,1507.0,1496.0,1501.0,15618.0,1501.0
1,2015-10-21,1501.0,1531.0,1499.0,1527.0,3016.0,1527.0
2,2015-10-22,1536.0,1536.0,1516.0,1520.0,6465.0,1520.0
3,2015-10-23,1558.0,1558.0,1545.0,1549.0,3349.0,1549.0
4,2015-10-26,1589.0,1589.0,1560.0,1560.0,5704.0,1560.0
5,2015-10-27,1564.0,1564.0,1543.0,1545.0,5173.0,1545.0
6,2015-10-28,1547.0,1549.0,1540.0,1546.0,15189.0,1546.0
7,2015-10-29,1558.0,1558.0,1537.0,1549.0,13355.0,1549.0
8,2015-10-30,1547.0,1569.0,1538.0,1558.0,5601.0,1558.0
9,2015-11-02,1535.0,1535.0,1523.0,1527.0,4735.0,1527.0
10,2015-11-04,1553.0,1558.0,1540.0,1541.0,3869.0,1541.0
11,2015-11-05,1546.0,1561.0,1546.0,1559.0,857.0,1559.0
12,2015-11-06,1563.0,1565.0,1556.0,1563.0,640.0,1563.0
13,2015-11-09,1577.0,1596.0,1577.0,1587.0,4803.0,1587.0
14,2015-11-10,1576.0,1590.0,1576.0,1590.0,614.0,1590.0
15,2015-11-11,1588.0,1598.0,1586.0,1597.0,308537.0,1597.0
16,2015-11-12,1596.0,1597.0,1587.0,1596.0,1122.0,1596.0
17,2015-11-13,1582.0,1586.0,1571.0,1585.0,3522.0,1585.0
18,2015-11-16,1557.0,1577.0,1557.0,1573.0,3717.0,1573.0
19,2015-11-17,1590.0,1596.0,1588.0,1590.0,359.0,1590.0
20,2015-11-18,1593.0,1597.0,1586.0,1587.0,287.0,1587.0
21,2015-11-19,1600.0,1609.0,1596.0,1599.0,582484.0,1599.0
22,2015-11-20,1598.0,1600.0,1590.0,1600.0,121761.0,1600.0
23,2015-11-24,1601.0,1609.0,1597.0,1606.0,978610.0,1606.0
24,2015-11-25,1600.0,1600.0,1589.0,1595.0,4132.0,1595.0
25,2015-11-26,1598.0,1606.0,1595.0,1598.0,154085.0,1598.0
26,2015-11-27,1609.0,1609.0,1588.0,1594.0,43017.0,1594.0
27,2015-11-30,1594.0,1594.0,1575.0,1581.0,167656.0,1581.0
28,2015-12-01,1584.0,1601.0,1581.0,1600.0,1723098.0,1600.0
29,2015-12-02,1601.0,1607.0,1598.0,1603.0,354563.0,1603.0
30,2015-12-03,1602.0,1607.0,1592.0,1604.0,146176.0,1604.0
31,2015-12-04,1578.0,1579.0,1568.0,1572.0,36531.0,1572.0
32,2015-12-07,1590.0,1596.0,1584.0,1586.0,16729.0,1586.0
33,2015-12-08,1588.0,1592.0,1566.0,1569.0,15240.0,1569.0
34,2015-12-09,1564.0,1569.0,1552.0,1556.0,1905.0,1556.0
35,2015-12-10,1544.0,1546.0,1536.0,1540.0,97999.0,1540.0
36,2015-12-11,1543.0,1552.0,1535.0,1549.0,6824.0,1549.0
37,2015-12-14,1519.0,1530.0,1504.0,1530.0,169587.0,1530.0
38,2015-12-15,1531.0,1531.0,1502.0,1504.0,109397.0,1504.0
39,2015-12-16,1533.0,1542.0,1528.0,1539.0,68287.0,1539.0
40,2015-12-17,1577.0,1577.0,1560.0,1565.0,2066.0,1565.0
41,2015-12-18,1568.0,1595.0,1537.0,1544.0,6167.0,1544.0
42,2015-12-21,1531.0,1536.0,1512.0,1533.0,1128997.0,1533.0
43,2015-12-22,1536.0,1538.0,1526.0,1536.0,30920.0,1536.0
44,2015-12-24,1556.0,1556.0,1523.0,1524.0,4930.0,1524.0
45,2015-12-25,1533.0,1533.0,1514.0,1517.0,13545.0,1517.0
46,2015-12-28,1553.0,1553.0,1520.0,1530.0,4390.0,1530.0
47,2015-12-29,1532.0,1544.0,1521.0,1539.0,2910.0,1539.0
48,2015-12-30,1550.0,1557.0,1500.0,1529.0,626768.0,1529.0
49,2016-01-04,1530.0,1548.0,1505.0,1514.0,89691.0,1514.0
50,2016-01-05,1520.0,1520.0,1500.0,1507.0,85185.0,1507.0
51,2016-01-06,1518.0,1518.0,1481.0,1492.0,136568.0,1492.0
52,2016-01-07,1499.0,1499.0,1459.0,1462.0,168283.0,1462.0
53,2016-01-08,1478.0,1479.0,1444.0,1453.0,55583.0,1453.0
54,2016-01-12,1445.0,1445.0,1404.0,1407.0,15832.0,1407.0
55,2016-01-13,1429.0,1446.0,1429.0,1446.0,51958.0,1446.0
56,2016-01-14,1407.0,1412.0,1386.0,1411.0,28947.0,1411.0
57,2016-01-15,1434.0,1434.0,1398.0,1406.0,4454.0,1406.0
58,2016-01-18,1376.0,1395.0,1367.0,1392.0,8037.0,1392.0
59,2016-01-19,1387.0,1395.0,1378.0,1393.0,29337.0,1393.0
60,2016-01-20,1393.0,1393.0,1340.0,1343.0,8357.0,1343.0
61,2016-01-21,1340.0,1362.0,1305.0,1306.0,11498.0,1306.0
62,2016-01-22,1350.0,1377.0,1337.0,1377.0,30898.0,1377.0
63,2016-01-25,1400.0,1401.0,1379.0,1392.0,22952.0,1392.0
64,2016-01-26,1378.0,1378.0,1360.0,1362.0,42875.0,1362.0
65,2016-01-27,1394.0,1404.0,1391.0,1402.0,171695.0,1402.0
66,2016-01-28,1396.0,1407.0,1388.0,1395.0,36538.0,1395.0
67,2016-01-29,1403.0,1443.0,1375.0,1443.0,92374.0,1443.0
68,2016-02-01,1462.0,1467.0,1452.0,1466.0,38814.0,1466.0
69,2016-02-02,1452.0,1461.0,1448.0,1456.0,91105.0,1456.0
70,2016-02-03,1429.0,1429.0,1399.0,1410.0,153871.0,1410.0
71,2016-02-04,1399.0,1404.0,1385.0,1391.0,173641.0,1391.0
72,2016-02-05,1372.0,1374.0,1355.0,1372.0,21652.0,1372.0
73,2016-02-08,1350.0,1385.0,1349.0,1383.0,7396.0,1383.0
74,2016-02-09,1328.0,1330.0,1303.0,1309.0,121099.0,1309.0
75,2016-02-10,1314.0,1314.0,1249.0,1267.0,111826.0,1267.0
76,2016-02-12,1227.0,1228.0,1194.0,1201.0,61340.0,1201.0
77,2016-02-15,1258.0,1302.0,1252.0,1297.0,37825.0,1297.0
78,2016-02-16,1287.0,1322.0,1281.0,1300.0,125426.0,1300.0
79,2016-02-17,1296.0,1311.0,1269.0,1285.0,217097.0,1285.0
80,2016-02-18,1322.0,1322.0,1309.0,1314.0,384775.0,1314.0
81,2016-02-19,1304.0,1304.0,1283.0,1296.0,184183.0,1296.0
82,2016-02-22,1287.0,1305.0,1281.0,1302.0,254739.0,1302.0
83,2016-02-23,1310.0,1317.0,1292.0,1294.0,95841.0,1294.0
84,2016-02-24,1278.0,1293.0,1269.0,1283.0,115207.0,1283.0
85,2016-02-25,1288.0,1315.0,1288.0,1312.0,128316.0,1312.0
86,2016-02-26,1318.0,1329.0,1315.0,1315.0,35874.0,1315.0
87,2016-02-29,1332.0,1335.0,1300.0,1302.0,170205.0,1302.0
88,2016-03-01,1301.0,1306.0,1288.0,1303.0,355917.0,1303.0
89,2016-03-02,1343.0,1356.0,1330.0,1353.0,115279.0,1353.0
90,2016-03-03,1353.0,1371.0,1351.0,1371.0,92073.0,1371.0
91,2016-03-04,1372.0,1378.0,1363.0,1378.0,92442.0,1378.0
92,2016-03-07,1381.0,1381.0,1362.0,1365.0,155353.0,1365.0
93,2016-03-08,1363.0,1363.0,1331.0,1351.0,255456.0,1351.0
94,2016-03-09,1333.0,1337.0,1325.0,1337.0,201204.0,1337.0
95,2016-03-10,1352.0,1356.0,1338.0,1356.0,57418.0,1356.0
96,2016-03-11,1348.0,1366.0,1335.0,1362.0,121218.0,1362.0
97,2016-03-14,1387.0,1387.0,1376.0,1383.0,443468.0,1383.0
98,2016-03-15,1386.0,1386.0,1370.0,1371.0,408318.0,1371.0
99,2016-03-16,1364.0,1372.0,1361.0,1364.0,56954.0,1364.0
100,2016-03-17,1376.0,1384.0,1351.0,1362.0,3692.0,1362.0
101,2016-03-18,1361.0,1361.0,1338.0,1348.0,2371.0,1348.0
102,2016-03-22,1374.0,1376.0,1360.0,1371.0,6059.0,1371.0
103,2016-03-23,1370.0,1376.0,1364.0,1368.0,7396.0,1368.0
104,2016-03-24,1364.0,1367.0,1350.0,1356.0,19818.0,1356.0
105,2016-03-25,1365.0,1371.0,1355.0,1368.0,51007.0,1368.0
106,2016-03-28,1375.0,1384.0,1368.0,1384.0,2038.0,1384.0
107,2016-03-29,1379.0,1393.0,1379.0,1393.0,3378.0,1393.0
108,2016-03-30,1392.0,1392.0,1371.0,1373.0,7096.0,1373.0
109,2016-03-31,1378.0,1382.0,1360.0,1362.0,18130.0,1362.0
110,2016-04-01,1361.0,1361.0,1313.0,1315.0,37124.0,1315.0
111,2016-04-04,1315.0,1325.0,1307.0,1317.0,87126.0,1317.0
112,2016-04-05,1313.0,1313.0,1280.0,1283.0,89876.0,1283.0
113,2016-04-06,1283.0,1289.0,1270.0,1283.0,1628.0,1283.0
114,2016-04-07,1285.0,1295.0,1275.0,1286.0,1867.0,1286.0
115,2016-04-08,1268.0,1313.0,1264.0,1302.0,7674.0,1302.0
116,2016-04-11,1332.0,1332.0,1276.0,1296.0,2623.0,1296.0
117,2016-04-12,1295.0,1317.0,1290.0,1315.0,11801.0,1315.0
118,2016-04-13,1332.0,1348.0,1329.0,1348.0,32350.0,1348.0
119,2016-04-14,1367.0,1385.0,1366.0,1385.0,14307.0,1385.0
120,2016-04-15,1368.0,1380.0,1368.0,1372.0,3347.0,1372.0
121,2016-04-18,1327.0,1339.0,1327.0,1335.0,30145.0,1335.0
122,2016-04-19,1369.0,1380.0,1369.0,1378.0,19569.0,1378.0
123,2016-04-20,1389.0,1393.0,1378.0,1381.0,14565.0,1381.0
124,2016-04-21,1407.0,1409.0,1398.0,1405.0,159335.0,1405.0
125,2016-04-22,1395.0,1421.0,1394.0,1420.0,79454.0,1420.0
126,2016-04-25,1427.0,1427.0,1413.0,1417.0,1859.0,1417.0
127,2016-04-26,1407.0,1411.0,1396.0,1405.0,56354.0,1405.0
128,2016-04-27,1409.0,1411.0,1395.0,1402.0,42760.0,1402.0
129,2016-04-28,1415.0,1417.0,1347.0,1356.0,23421.0,1356.0
130,2016-05-02,1299.0,1314.0,1297.0,1313.0,27705.0,1313.0
131,2016-05-06,1321.0,1325.0,1302.0,1313.0,10129.0,1313.0
132,2016-05-09,1321.0,1326.0,1317.0,1322.0,19166.0,1322.0
133,2016-05-10,1328.0,1351.0,1322.0,1351.0,11105.0,1351.0
134,2016-05-11,1365.0,1366.0,1347.0,1347.0,39024.0,1347.0
135,2016-05-12,1335.0,1351.0,1330.0,1351.0,44144.0,1351.0
136,2016-05-13,1352.0,1356.0,1332.0,1333.0,45830.0,1333.0
137,2016-05-16,1335.0,1347.0,1332.0,1332.0,47334.0,1332.0
138,2016-05-17,1344.0,1349.0,1340.0,1346.0,14211.0,1346.0
139,2016-05-18,1345.0,1362.0,1341.0,1352.0,101189.0,1352.0
140,2016-05-19,1362.0,1366.0,1347.0,1353.0,66940.0,1353.0
141,2016-05-20,1347.0,1360.0,1344.0,1359.0,7719.0,1359.0
142,2016-05-23,1353.0,1355.0,1334.0,1352.0,148298.0,1352.0
143,2016-05-24,1349.0,1349.0,1340.0,1343.0,42643.0,1343.0
144,2016-05-25,1364.0,1369.0,1358.0,1358.0,202211.0,1358.0
145,2016-05-26,1372.0,1373.0,1356.0,1357.0,100274.0,1357.0
146,2016-05-27,1364.0,1366.0,1359.0,1364.0,13200.0,1364.0
147,2016-05-30,1373.0,1381.0,1369.0,1380.0,69819.0,1380.0
148,2016-05-31,1375.0,1396.0,1375.0,1394.0,42296.0,1394.0
149,2016-06-01,1383.0,1390.0,1375.0,1379.0,1767985.0,1379.0
150,2016-06-02,1366.0,1366.0,1345.0,1347.0,81688.0,1347.0
151,2016-06-03,1350.0,1357.0,1346.0,1353.0,14945.0,1353.0
152,2016-06-06,1329.0,1349.0,1326.0,1349.0,28677.0,1349.0
153,2016-06-07,1351.0,1359.0,1347.0,1356.0,54828.0,1356.0
154,2016-06-08,1360.0,1367.0,1348.0,1367.0,65548.0,1367.0
155,2016-06-09,1358.0,1361.0,1348.0,1353.0,7081.0,1353.0
156,2016-06-10,1354.0,1354.0,1338.0,1345.0,18158.0,1345.0
157,2016-06-13,1321.0,1321.0,1300.0,1300.0,33269.0,1300.0
158,2016-06-14,1297.0,1302.0,1280.0,1288.0,202509.0,1288.0
159,2016-06-15,1284.0,1300.0,1279.0,1293.0,87952.0,1293.0
160,2016-06-16,1288.0,1288.0,1253.0,1258.0,57363.0,1258.0
161,2016-06-17,1274.0,1279.0,1263.0,1267.0,41329.0,1267.0
162,2016-06-20,1285.0,1297.0,1285.0,1295.0,18704.0,1295.0
163,2016-06-21,1284.0,1311.0,1277.0,1310.0,40837.0,1310.0
164,2016-06-22,1305.0,1306.0,1293.0,1299.0,92310.0,1299.0
165,2016-06-23,1304.0,1316.0,1299.0,1314.0,146959.0,1314.0
166,2016-06-24,1318.0,1325.0,1205.0,1216.0,202508.0,1216.0
167,2016-06-27,1233.0,1241.0,1229.0,1241.0,62038.0,1241.0
168,2016-06-28,1223.0,1248.0,1215.0,1240.0,115865.0,1240.0
169,2016-06-29,1259.0,1267.0,1250.0,1262.0,100288.0,1262.0
170,2016-06-30,1280.0,1280.0,1264.0,1265.0,1077.0,1265.0
171,2016-07-01,1269.0,1276.0,1265.0,1269.0,9991.0,1269.0
172,2016-07-04,1261.0,1279.0,1261.0,1276.0,16151.0,1276.0
173,2016-07-05,1272.0,1274.0,1265.0,1271.0,14440.0,1271.0
174,2016-07-06,1250.0,1252.0,1234.0,1249.0,36672.0,1249.0
175,2016-07-07,1247.0,1252.0,1238.0,1241.0,4251.0,1241.0
176,2016-07-08,1248.0,1250.0,1226.0,1226.0,25982.0,1226.0
177,2016-07-11,1256.0,1280.0,1256.0,1273.0,15733.0,1273.0
178,2016-07-12,1297.0,1314.0,1297.0,1303.0,17132.0,1303.0
179,2016-07-13,1331.0,1332.0,1316.0,1318.0,12234.0,1318.0
180,2016-07-14,1317.0,1329.0,1317.0,1329.0,17413.0,1329.0
181,2016-07-15,1325.0,1342.0,1325.0,1334.0,766435.0,1334.0
182,2016-07-19,1344.0,1349.0,1334.0,1348.0,77367.0,1348.0
183,2016-07-20,1344.0,1349.0,1337.0,1346.0,1163.0,1346.0
184,2016-07-21,1365.0,1365.0,1349.0,1354.0,4242.0,1354.0
185,2016-07-22,1338.0,1347.0,1338.0,1342.0,13471.0,1342.0
186,2016-07-25,1348.0,1355.0,1342.0,1342.0,2840.0,1342.0
187,2016-07-26,1335.0,1335.0,1320.0,1325.0,4930.0,1325.0
188,2016-07-27,1336.0,1348.0,1331.0,1341.0,22401.0,1341.0
189,2016-07-28,1332.0,1332.0,1320.0,1324.0,3289.0,1324.0
190,2016-07-29,1321.0,1340.0,1305.0,1335.0,112000.0,1335.0
191,2016-08-01,1318.0,1340.0,1317.0,1338.0,48545.0,1338.0
192,2016-08-02,1323.0,1327.0,1315.0,1315.0,2800.0,1315.0
193,2016-08-03,1296.0,1299.0,1286.0,1288.0,60989.0,1288.0
194,2016-08-04,1294.0,1302.0,1279.0,1301.0,41443.0,1301.0
195,2016-08-05,1282.0,1285.0,1275.0,1275.0,27248.0,1275.0
196,2016-08-08,1294.0,1302.0,1293.0,1302.0,2340.0,1302.0
197,2016-08-09,1303.0,1316.0,1303.0,1314.0,33335.0,1314.0
198,2016-08-10,1309.0,1317.0,1306.0,1310.0,18904.0,1310.0
199,2016-08-12,1322.0,1322.0,1316.0,1319.0,49871.0,1319.0
200,2016-08-15,1316.0,1319.0,1313.0,1313.0,5078.0,1313.0
201,2016-08-16,1315.0,1316.0,1297.0,1297.0,26976.0,1297.0
202,2016-08-17,1297.0,1309.0,1295.0,1307.0,25779.0,1307.0
203,2016-08-18,1300.0,1301.0,1288.0,1288.0,60932.0,1288.0
204,2016-08-19,1294.0,1298.0,1286.0,1294.0,8482.0,1294.0
205,2016-08-22,1298.0,1301.0,1293.0,1300.0,3958.0,1300.0
206,2016-08-23,1298.0,1304.0,1290.0,1295.0,2745.0,1295.0
207,2016-08-24,1304.0,1308.0,1302.0,1302.0,2875.0,1302.0
208,2016-08-25,1305.0,1305.0,1299.0,1301.0,4085.0,1301.0
209,2016-08-26,1298.0,1298.0,1284.0,1287.0,34058.0,1287.0
210,2016-08-29,1314.0,1316.0,1310.0,1313.0,8863.0,1313.0
211,2016-08-30,1307.0,1313.0,1307.0,1310.0,81636.0,1310.0
212,2016-08-31,1323.0,1328.0,1320.0,1327.0,2906.0,1327.0
213,2016-09-01,1327.0,1335.0,1326.0,1333.0,6012.0,1333.0
214,2016-09-02,1334.0,1339.0,1332.0,1338.0,837.0,1338.0
215,2016-09-05,1357.0,1357.0,1342.0,1342.0,779.0,1342.0
216,2016-09-06,1343.0,1350.0,1342.0,1350.0,4400.0,1350.0
217,2016-09-07,1338.0,1349.0,1338.0,1349.0,816.0,1349.0
218,2016-09-08,1348.0,1348.0,1335.0,1345.0,4615.0,1345.0
219,2016-09-09,1347.0,1347.0,1338.0,1342.0,3200.0,1342.0
220,2016-09-12,1322.0,1326.0,1315.0,1320.0,2245.0,1320.0
221,2016-09-13,1326.0,1326.0,1316.0,1322.0,695.0,1322.0
222,2016-09-14,1312.0,1318.0,1309.0,1312.0,3762.0,1312.0
223,2016-09-15,1305.0,1305.0,1294.0,1298.0,5015.0,1298.0
224,2016-09-16,1303.0,1311.0,1300.0,1311.0,1636.0,1311.0
225,2016-09-20,1303.0,1321.0,1303.0,1313.0,871.0,1313.0
226,2016-09-21,1313.0,1350.0,1308.0,1350.0,27091.0,1350.0
227,2016-09-23,1345.0,1348.0,1340.0,1346.0,2267.0,1346.0
228,2016-09-26,1345.0,1345.0,1333.0,1333.0,20629.0,1333.0
229,2016-09-27,1321.0,1345.0,1311.0,1345.0,43488.0,1345.0
230,2016-09-28,1345.0,1345.0,1334.0,1335.0,13033.0,1335.0
231,2016-09-29,1349.0,1355.0,1346.0,1355.0,13888.0,1355.0
232,2016-09-30,1331.0,1337.0,1325.0,1331.0,15175.0,1331.0
233,2016-10-03,1342.0,1345.0,1339.0,1340.0,992.0,1340.0
234,2016-10-04,1343.0,1348.0,1341.0,1347.0,7463.0,1347.0
235,2016-10-05,1354.0,1358.0,1350.0,1357.0,53197.0,1357.0
236,2016-10-06,1363.0,1368.0,1361.0,1361.0,5181.0,1361.0
237,2016-10-07,1362.0,1362.0,1354.0,1358.0,20792.0,1358.0
238,2016-10-11,1361.0,1372.0,1361.0,1364.0,1577.0,1364.0
239,2016-10-12,1349.0,1359.0,1349.0,1352.0,34557.0,1352.0
240,2016-10-13,1355.0,1361.0,1346.0,1350.0,5261.0,1350.0
241,2016-10-17,1354.0,1363.0,1354.0,1362.0,2379.0,1362.0
242,2016-10-19,1362.0,1367.0,1362.0,1366.0,15742.0,1366.0
243,2016-10-20,1365.0,1379.0,1363.0,1377.0,7528.0,1377.0
244,2016-10-21,1378.0,1381.0,1372.0,1372.0,1885.0,1372.0
245,2016-10-24,1376.0,1378.0,1370.0,1377.0,23210.0,1377.0
246,2016-10-25,1383.0,1388.0,1381.0,1386.0,7133.0,1386.0
247,2016-10-26,1386.0,1391.0,1382.0,1391.0,4652.0,1391.0
248,2016-10-27,1391.0,1397.0,1387.0,1390.0,7673.0,1390.0
249,2016-10-28,1400.0,1402.0,1396.0,1401.0,58972.0,1401.0
250,2016-10-31,1396.0,1404.0,1394.0,1404.0,3502.0,1404.0
251,2016-11-01,1400.0,1403.0,1393.0,1401.0,940.0,1401.0
252,2016-11-02,1385.0,1386.0,1371.0,1377.0,7858.0,1377.0
253,2016-11-04,1361.0,1363.0,1346.0,1355.0,7332.0,1355.0
254,2016-11-07,1374.0,1374.0,1366.0,1371.0,1401.0,1371.0
255,2016-11-08,1376.0,1377.0,1370.0,1372.0,473.0,1372.0
256,2016-11-09,1379.0,1390.0,1295.0,1311.0,37464.0,1311.0
257,2016-11-10,1392.0,1392.0,1371.0,1384.0,18891.0,1384.0
258,2016-11-11,1401.0,1408.0,1382.0,1389.0,15906.0,1389.0
259,2016-11-14,1397.0,1411.0,1394.0,1407.0,2970.0,1407.0
260,2016-11-15,1412.0,1414.0,1406.0,1411.0,13928.0,1411.0
261,2016-11-16,1426.0,1430.0,1423.0,1429.0,14947.0,1429.0
262,2016-11-17,1423.0,1432.0,1422.0,1431.0,91774.0,1431.0
263,2016-11-18,1448.0,1448.0,1438.0,1438.0,122233.0,1438.0
264,2016-11-21,1446.0,1453.0,1443.0,1452.0,22778.0,1452.0
265,2016-11-22,1452.0,1458.0,1449.0,1456.0,11492.0,1456.0
266,2016-11-24,1473.0,1473.0,1466.0,1469.0,27634.0,1469.0
267,2016-11-25,1475.0,1482.0,1467.0,1474.0,14777.0,1474.0
268,2016-11-28,1467.0,1481.0,1467.0,1480.0,12056.0,1480.0
269,2016-11-29,1472.0,1479.0,1471.0,1478.0,11279.0,1478.0
270,2016-11-30,1480.0,1483.0,1476.0,1477.0,204109.0,1477.0
271,2016-12-01,1498.0,1508.0,1489.0,1489.0,21753.0,1489.0
272,2016-12-02,1491.0,1493.0,1481.0,1489.0,5447.0,1489.0
273,2016-12-05,1480.0,1481.0,1472.0,1475.0,112920.0,1475.0
274,2016-12-06,1491.0,1492.0,1483.0,1485.0,16996.0,1485.0
275,2016-12-07,1495.0,1500.0,1491.0,1499.0,16222.0,1499.0
276,2016-12-08,1518.0,1520.0,1510.0,1520.0,16003.0,1520.0
277,2016-12-09,1523.0,1536.0,1521.0,1534.0,29945.0,1534.0
278,2016-12-12,1550.0,1552.0,1531.0,1539.0,34140.0,1539.0
279,2016-12-13,1538.0,1550.0,1533.0,1549.0,19195.0,1549.0
280,2016-12-14,1551.0,1553.0,1546.0,1547.0,20359.0,1547.0
281,2016-12-15,1552.0,1563.0,1547.0,1550.0,31446.0,1550.0
282,2016-12-16,1563.0,1565.0,1556.0,1561.0,37338.0,1561.0
283,2016-12-19,1554.0,1561.0,1552.0,1558.0,6834.0,1558.0
284,2016-12-20,1555.0,1562.0,1554.0,1561.0,17973.0,1561.0
285,2016-12-21,1563.0,1568.0,1551.0,1553.0,16460.0,1553.0
286,2016-12-22,1551.0,1554.0,1546.0,1552.0,11521.0,1552.0
287,2016-12-26,1551.0,1552.0,1547.0,1547.0,15703.0,1547.0
288,2016-12-27,1544.0,1554.0,1543.0,1546.0,16070.0,1546.0
289,2016-12-28,1548.0,1551.0,1544.0,1548.0,14554.0,1548.0
290,2016-12-29,1543.0,1543.0,1525.0,1532.0,15640.0,1532.0
291,2016-12-30,1524.0,1532.0,1519.0,1530.0,8244.0,1530.0
292,2017-01-04,1544.0,1567.0,1544.0,1565.0,29015.0,1565.0
293,2017-01-05,1571.0,1571.0,1562.0,1567.0,10405.0,1567.0
294,2017-01-06,1550.0,1566.0,1550.0,1566.0,100610.0,1566.0
295,2017-01-10,1563.0,1568.0,1552.0,1553.0,25678.0,1553.0
296,2017-01-11,1558.0,1562.0,1558.0,1562.0,7773.0,1562.0
297,2017-01-12,1558.0,1558.0,1539.0,1547.0,15862.0,1547.0
298,2017-01-13,1547.0,1556.0,1544.0,1555.0,7929.0,1555.0
299,2017-01-16,1554.0,1555.0,1539.0,1543.0,36291.0,1543.0
300,2017-01-17,1539.0,1539.0,1520.0,1520.0,3676.0,1520.0
301,2017-01-18,1516.0,1527.0,1505.0,1526.0,21420.0,1526.0
302,2017-01-19,1540.0,1545.0,1533.0,1540.0,16191.0,1540.0
303,2017-01-20,1540.0,1548.0,1539.0,1546.0,7672.0,1546.0
304,2017-01-23,1531.0,1534.0,1524.0,1527.0,163473.0,1527.0
305,2017-01-24,1520.0,1525.0,1516.0,1519.0,6337.0,1519.0
306,2017-01-25,1543.0,1543.0,1527.0,1531.0,24015.0,1531.0
307,2017-01-26,1549.0,1558.0,1548.0,1558.0,5466.0,1558.0
308,2017-01-27,1565.0,1565.0,1558.0,1561.0,30789.0,1561.0
309,2017-01-30,1556.0,1557.0,1548.0,1556.0,22343.0,1556.0
310,2017-01-31,1538.0,1544.0,1533.0,1535.0,10709.0,1535.0
311,2017-02-01,1525.0,1540.0,1520.0,1540.0,3769.0,1540.0
312,2017-02-02,1542.0,1543.0,1519.0,1523.0,11360.0,1523.0
313,2017-02-03,1528.0,1535.0,1521.0,1527.0,4187.0,1527.0
314,2017-02-06,1544.0,1544.0,1527.0,1532.0,7053.0,1532.0
315,2017-02-07,1512.0,1521.0,1508.0,1517.0,8179.0,1517.0
316,2017-02-08,1517.0,1525.0,1515.0,1524.0,3920.0,1524.0
317,2017-02-09,1518.0,1519.0,1512.0,1513.0,3557.0,1513.0
318,2017-02-10,1538.0,1547.0,1534.0,1545.0,48384.0,1545.0
319,2017-02-13,1560.0,1560.0,1551.0,1555.0,15799.0,1555.0
320,2017-02-14,1558.0,1558.0,1539.0,1540.0,8934.0,1540.0
321,2017-02-15,1555.0,1557.0,1553.0,1553.0,4816.0,1553.0
322,2017-02-16,1554.0,1556.0,1544.0,1548.0,9097.0,1548.0
323,2017-02-17,1545.0,1546.0,1538.0,1546.0,23812.0,1546.0
324,2017-02-20,1541.0,1548.0,1536.0,1547.0,6394.0,1547.0
325,2017-02-21,1549.0,1557.0,1545.0,1557.0,67846.0,1557.0
326,2017-02-22,1560.0,1560.0,1553.0,1555.0,2411.0,1555.0
327,2017-02-23,1558.0,1558.0,1547.0,1557.0,7336.0,1557.0
328,2017-02-24,1549.0,1559.0,1546.0,1551.0,4937.0,1551.0
329,2017-02-27,1540.0,1541.0,1525.0,1533.0,12558.0,1533.0
330,2017-02-28,1543.0,1549.0,1535.0,1535.0,3077.0,1535.0
331,2017-03-01,1543.0,1554.0,1539.0,1553.0,3996.0,1553.0
332,2017-03-02,1575.0,1576.0,1564.0,1564.0,6566.0,1564.0
333,2017-03-03,1564.0,1565.0,1553.0,1557.0,6764.0,1557.0
334,2017-03-06,1556.0,1557.0,1550.0,1555.0,7298.0,1555.0
335,2017-03-07,1553.0,1557.0,1553.0,1556.0,2958.0,1556.0
336,2017-03-08,1554.0,1554.0,1545.0,1551.0,1845.0,1551.0
337,2017-03-09,1559.0,1559.0,1550.0,1557.0,7218.0,1557.0
338,2017-03-10,1570.0,1576.0,1566.0,1576.0,7648.0,1576.0
339,2017-03-13,1572.0,1578.0,1570.0,1578.0,10631.0,1578.0
340,2017-03-14,1579.0,1579.0,1574.0,1576.0,1285.0,1576.0
341,2017-03-15,1569.0,1573.0,1566.0,1573.0,4128.0,1573.0
342,2017-03-16,1562.0,1575.0,1561.0,1573.0,7189.0,1573.0
343,2017-03-17,1564.0,1567.0,1564.0,1567.0,3751.0,1567.0
344,2017-03-21,1562.0,1565.0,1556.0,1564.0,4658.0,1564.0
345,2017-03-22,1536.0,1541.0,1530.0,1531.0,9627.0,1531.0
346,2017-03-23,1529.0,1532.0,1523.0,1531.0,6044.0,1531.0
347,2017-03-24,1529.0,1547.0,1529.0,1545.0,24086.0,1545.0
348,2017-03-27,1531.0,1532.0,1520.0,1524.0,18614.0,1524.0
349,2017-03-28,1539.0,1545.0,1536.0,1544.0,1503.0,1544.0
350,2017-03-29,1557.0,1558.0,1552.0,1555.0,3025.0,1555.0
351,2017-03-30,1552.0,1552.0,1540.0,1540.0,1971.0,1540.0
352,2017-03-31,1552.0,1552.0,1526.0,1526.0,4007.0,1526.0
353,2017-04-03,1534.0,1536.0,1526.0,1531.0,1499.0,1531.0
354,2017-04-04,1528.0,1528.0,1509.0,1519.0,10859.0,1519.0
355,2017-04-05,1525.0,1525.0,1511.0,1518.0,2788.0,1518.0
356,2017-04-06,1511.0,1512.0,1490.0,1495.0,19768.0,1495.0
357,2017-04-07,1504.0,1511.0,1491.0,1504.0,41404.0,1504.0
358,2017-04-10,1515.0,1516.0,1510.0,1512.0,5364.0,1512.0
359,2017-04-11,1504.0,1510.0,1502.0,1510.0,6882.0,1510.0
360,2017-04-12,1496.0,1496.0,1486.0,1494.0,38734.0,1494.0
361,2017-04-13,1480.0,1483.0,1472.0,1480.0,57032.0,1480.0
362,2017-04-14,1477.0,1477.0,1470.0,1474.0,38967.0,1474.0
363,2017-04-17,1466.0,1480.0,1466.0,1480.0,3075.0,1480.0
364,2017-04-18,1491.0,1494.0,1481.0,1483.0,21770.0,1483.0
365,2017-04-19,1478.0,1488.0,1477.0,1484.0,1568.0,1484.0
366,2017-04-20,1487.0,1492.0,1485.0,1486.0,1935.0,1486.0
367,2017-04-21,1499.0,1504.0,1495.0,1503.0,25353.0,1503.0
368,2017-04-24,1523.0,1523.0,1515.0,1518.0,15755.0,1518.0
369,2017-04-25,1516.0,1535.0,1516.0,1533.0,8151.0,1533.0
370,2017-04-26,1542.0,1550.0,1542.0,1550.0,13008.0,1550.0
371,2017-04-27,1545.0,1551.0,1545.0,1551.0,5564.0,1551.0
372,2017-04-28,1551.0,1552.0,1542.0,1545.0,11300.0,1545.0
373,2017-05-01,1547.0,1554.0,1544.0,1554.0,2001.0,1554.0
374,2017-05-02,1557.0,1567.0,1556.0,1563.0,6711.0,1563.0
375,2017-05-08,1584.0,1602.0,1584.0,1601.0,30345.0,1601.0
376,2017-05-09,1601.0,1602.0,1595.0,1598.0,11917.0,1598.0
377,2017-05-10,1600.0,1602.0,1597.0,1600.0,4357.0,1600.0
378,2017-05-11,1601.0,1604.0,1597.0,1602.0,65549.0,1602.0
379,2017-05-12,1600.0,1601.0,1590.0,1596.0,23252.0,1596.0
380,2017-05-15,1589.0,1596.0,1588.0,1596.0,2272.0,1596.0
381,2017-05-16,1601.0,1606.0,1596.0,1599.0,1679.0,1599.0
382,2017-05-17,1591.0,1592.0,1587.0,1592.0,103713.0,1592.0
383,2017-05-18,1566.0,1574.0,1563.0,1570.0,121791.0,1570.0
384,2017-05-19,1571.0,1577.0,1565.0,1576.0,6792.0,1576.0
385,2017-05-22,1581.0,1583.0,1577.0,1583.0,806.0,1583.0
386,2017-05-23,1582.0,1584.0,1578.0,1581.0,1426.0,1581.0
387,2017-05-24,1592.0,1593.0,1585.0,1589.0,6892.0,1589.0
388,2017-05-25,1589.0,1597.0,1588.0,1593.0,1413.0,1593.0
389,2017-05-26,1593.0,1593.0,1584.0,1585.0,2134.0,1585.0
390,2017-05-29,1586.0,1589.0,1581.0,1586.0,2539.0,1586.0
391,2017-05-30,1583.0,1587.0,1577.0,1586.0,1894.0,1586.0
392,2017-05-31,1582.0,1586.0,1580.0,1581.0,898.0,1581.0
393,2017-06-01,1584.0,1602.0,1584.0,1601.0,2282.0,1601.0
394,2017-06-02,1608.0,1628.0,1608.0,1625.0,38892.0,1625.0
395,2017-06-05,1619.0,1628.0,1618.0,1624.0,4578.0,1624.0
396,2017-06-06,1622.0,1622.0,1610.0,1613.0,5941.0,1613.0
397,2017-06-07,1609.0,1614.0,1606.0,1612.0,1490.0,1612.0
398,2017-06-08,1616.0,1618.0,1604.0,1604.0,6151.0,1604.0
399,2017-06-09,1605.0,1612.0,1600.0,1605.0,7561.0,1605.0
400,2017-06-12,1603.0,1610.0,1601.0,1607.0,1039.0,1607.0
401,2017-06-13,1604.0,1611.0,1603.0,1609.0,2346.0,1609.0
402,2017-06-14,1613.0,1616.0,1606.0,1606.0,10704.0,1606.0
403,2017-06-15,1601.0,1612.0,1596.0,1601.0,7825.0,1601.0
404,2017-06-16,1611.0,1618.0,1607.0,1612.0,22917.0,1612.0
405,2017-06-19,1613.0,1622.0,1611.0,1621.0,12330.0,1621.0
406,2017-06-20,1635.0,1640.0,1633.0,1633.0,7209.0,1633.0
407,2017-06-21,1629.0,1632.0,1624.0,1624.0,10391.0,1624.0
408,2017-06-22,1628.0,1631.0,1624.0,1624.0,30572.0,1624.0
409,2017-06-23,1630.0,1630.0,1623.0,1626.0,11965.0,1626.0
410,2017-06-26,1628.0,1631.0,1626.0,1627.0,4182.0,1627.0
411,2017-06-27,1633.0,1636.0,1631.0,1634.0,1296.0,1634.0
412,2017-06-28,1633.0,1639.0,1630.0,1630.0,2553.0,1630.0
413,2017-06-29,1642.0,1644.0,1637.0,1640.0,11130.0,1640.0
414,2017-06-30,1628.0,1628.0,1621.0,1628.0,106077.0,1628.0
415,2017-07-03,1631.0,1633.0,1627.0,1630.0,1683.0,1630.0
416,2017-07-04,1640.0,1641.0,1622.0,1625.0,9498.0,1625.0
417,2017-07-05,1625.0,1634.0,1619.0,1634.0,2556.0,1634.0
418,2017-07-06,1634.0,1635.0,1628.0,1632.0,13339.0,1632.0
419,2017-07-07,1621.0,1630.0,1620.0,1624.0,6277.0,1624.0
420,2017-07-10,1635.0,1635.0,1627.0,1632.0,1610.0,1632.0
421,2017-07-11,1631.0,1644.0,1631.0,1643.0,139073.0,1643.0
422,2017-07-12,1640.0,1641.0,1634.0,1636.0,32530.0,1636.0
423,2017-07-13,1643.0,1643.0,1633.0,1637.0,6647.0,1637.0
424,2017-07-14,1641.0,1646.0,1639.0,1641.0,602.0,1641.0
425,2017-07-18,1638.0,1638.0,1627.0,1636.0,8443.0,1636.0
426,2017-07-19,1635.0,1640.0,1632.0,1638.0,1682.0,1638.0
427,2017-07-20,1639.0,1651.0,1639.0,1649.0,3409.0,1649.0
428,2017-07-21,1648.0,1648.0,1644.0,1647.0,17749.0,1647.0
429,2017-07-24,1634.0,1641.0,1629.0,1637.0,18388.0,1637.0
430,2017-07-25,1638.0,1641.0,1634.0,1634.0,2175.0,1634.0
431,2017-07-26,1646.0,1646.0,1634.0,1638.0,44985.0,1638.0
432,2017-07-27,1638.0,1653.0,1636.0,1644.0,32794.0,1644.0
433,2017-07-28,1640.0,1642.0,1635.0,1639.0,3347.0,1639.0
434,2017-07-31,1636.0,1641.0,1632.0,1636.0,23223.0,1636.0
435,2017-08-01,1636.0,1645.0,1636.0,1644.0,27531.0,1644.0
436,2017-08-02,1651.0,1655.0,1646.0,1653.0,8104.0,1653.0
437,2017-08-03,1651.0,1652.0,1645.0,1651.0,11508.0,1651.0
438,2017-08-04,1647.0,1650.0,1644.0,1649.0,20670.0,1649.0
439,2017-08-07,1645.0,1645.0,1640.0,1641.0,42309.0,1641.0
440,2017-08-08,1642.0,1643.0,1634.0,1636.0,6030.0,1636.0
441,2017-08-09,1633.0,1633.0,1612.0,1619.0,9819.0,1619.0
442,2017-08-10,1624.0,1625.0,1615.0,1619.0,2454.0,1619.0
443,2017-08-14,1603.0,1608.0,1598.0,1602.0,72882.0,1602.0
444,2017-08-15,1614.0,1623.0,1612.0,1619.0,46221.0,1619.0
445,2017-08-16,1618.0,1621.0,1616.0,1619.0,6137.0,1619.0
446,2017-08-17,1615.0,1620.0,1615.0,1617.0,10617.0,1617.0
447,2017-08-18,1598.0,1602.0,1594.0,1599.0,11052.0,1599.0
448,2017-08-21,1602.0,1602.0,1594.0,1598.0,2617.0,1598.0
449,2017-08-22,1597.0,1601.0,1595.0,1597.0,2186.0,1597.0
450,2017-08-23,1611.0,1612.0,1600.0,1600.0,1698.0,1600.0
451,2017-08-24,1599.0,1601.0,1594.0,1594.0,9040.0,1594.0
452,2017-08-25,1599.0,1604.0,1596.0,1598.0,622936.0,1598.0
453,2017-08-28,1604.0,1605.0,1597.0,1603.0,44571.0,1603.0
454,2017-08-29,1594.0,1602.0,1591.0,1600.0,105019.0,1600.0
455,2017-08-30,1608.0,1614.0,1604.0,1610.0,3121.0,1610.0
456,2017-08-31,1616.0,1622.0,1616.0,1618.0,9648.0,1618.0
457,2017-09-01,1625.0,1625.0,1615.0,1621.0,2251.0,1621.0
458,2017-09-04,1617.0,1618.0,1603.0,1606.0,3381.0,1606.0
459,2017-09-05,1608.0,1608.0,1591.0,1591.0,5539.0,1591.0
460,2017-09-06,1584.0,1595.0,1581.0,1595.0,38754.0,1595.0
461,2017-09-07,1602.0,1608.0,1598.0,1601.0,394.0,1601.0
462,2017-09-08,1602.0,1602.0,1592.0,1596.0,13225.0,1596.0
463,2017-09-11,1610.0,1620.0,1610.0,1613.0,1355.0,1613.0
464,2017-09-12,1631.0,1633.0,1627.0,1628.0,18579.0,1628.0
465,2017-09-13,1638.0,1643.0,1637.0,1639.0,3861.0,1639.0
466,2017-09-14,1638.0,1644.0,1634.0,1636.0,17054.0,1636.0
467,2017-09-15,1633.0,1643.0,1632.0,1642.0,672.0,1642.0
468,2017-09-19,1657.0,1671.0,1657.0,1669.0,38144.0,1669.0
469,2017-09-20,1667.0,1674.0,1667.0,1669.0,2049.0,1669.0
470,2017-09-21,1681.0,1682.0,1670.0,1670.0,25919.0,1670.0
471,2017-09-22,1674.0,1676.0,1663.0,1665.0,21378.0,1665.0
472,2017-09-25,1678.0,1679.0,1672.0,1676.0,10361.0,1676.0
473,2017-09-26,1674.0,1677.0,1672.0,1676.0,12978.0,1676.0
474,2017-09-27,1681.0,1681.0,1674.0,1679.0,42448.0,1679.0
475,2017-09-28,1690.0,1692.0,1683.0,1691.0,9317.0,1691.0
476,2017-09-29,1687.0,1691.0,1685.0,1689.0,8951.0,1689.0
477,2017-10-02,1694.0,1694.0,1686.0,1686.0,311083.0,1686.0
478,2017-10-03,1695.0,1699.0,1691.0,1699.0,1921.0,1699.0
479,2017-10-04,1701.0,1704.0,1696.0,1697.0,30877.0,1697.0
480,2017-10-05,1701.0,1703.0,1695.0,1699.0,6099.0,1699.0
481,2017-10-06,1705.0,1705.0,1699.0,1703.0,3691.0,1703.0
482,2017-10-10,1700.0,1710.0,1699.0,1710.0,99795.0,1710.0
483,2017-10-11,1709.0,1713.0,1705.0,1712.0,4916.0,1712.0
484,2017-10-12,1718.0,1719.0,1714.0,1714.0,214503.0,1714.0
485,2017-10-13,1714.0,1728.0,1711.0,1724.0,118433.0,1724.0
486,2017-10-16,1730.0,1742.0,1730.0,1737.0,116557.0,1737.0
487,2017-10-17,1741.0,1745.0,1733.0,1738.0,24155.0,1738.0
488,2017-10-18,1741.0,1743.0,1737.0,1741.0,376132.0,1741.0
489,2017-10-19,1745.0,1750.0,1744.0,1744.0,4906.0,1744.0
490,2017-10-20,1742.0,1748.0,1739.0,1748.0,112943.0,1748.0
491,2017-10-23,1765.0,1765.0,1758.0,1761.0,4072.0,1761.0
492,2017-10-24,1762.0,1774.0,1760.0,1774.0,11692.0,1774.0
493,2017-10-25,1781.0,1781.0,1763.0,1769.0,10420.0,1769.0
494,2017-10-26,1767.0,1772.0,1765.0,1770.0,5165.0,1770.0
495,2017-10-27,1782.0,1788.0,1774.0,1788.0,19547.0,1788.0
496,2017-10-30,1788.0,1789.0,1778.0,1788.0,103843.0,1788.0
497,2017-10-31,1779.0,1784.0,1775.0,1783.0,10326.0,1783.0
498,2017-11-01,1795.0,1806.0,1790.0,1805.0,46556.0,1805.0
499,2017-11-02,1810.0,1812.0,1800.0,1811.0,74233.0,1811.0
500,2017-11-06,1816.0,1816.0,1800.0,1810.0,115848.0,1810.0
501,2017-11-07,1809.0,1830.0,1806.0,1830.0,185213.0,1830.0
502,2017-11-08,1827.0,1835.0,1821.0,1835.0,94067.0,1835.0
503,2017-11-09,1840.0,1861.0,1808.0,1831.0,109874.0,1831.0
504,2017-11-10,1807.0,1820.0,1807.0,1818.0,21634.0,1818.0
505,2017-11-13,1816.0,1819.0,1800.0,1801.0,101143.0,1801.0
506,2017-11-15,1785.0,1785.0,1757.0,1761.0,70907.0,1761.0
507,2017-11-16,1755.0,1785.0,1753.0,1779.0,11909.0,1779.0
508,2017-11-17,1797.0,1798.0,1775.0,1781.0,86463.0,1781.0
509,2017-11-20,1771.0,1780.0,1770.0,1777.0,121854.0,1777.0
510,2017-11-21,1787.0,1796.0,1785.0,1787.0,43004.0,1787.0
511,2017-11-22,1800.0,1801.0,1792.0,1794.0,31831.0,1794.0
512,2017-11-24,1787.0,1799.0,1783.0,1798.0,12246.0,1798.0
513,2017-11-27,1805.0,1805.0,1790.0,1794.0,96901.0,1794.0
514,2017-11-28,1792.0,1797.0,1784.0,1790.0,11450.0,1790.0
515,2017-11-29,1801.0,1803.0,1797.0,1803.0,63801.0,1803.0
516,2017-11-30,1802.0,1812.0,1795.0,1809.0,6316.0,1809.0
517,2017-12-01,1823.0,1824.0,1803.0,1813.0,77333.0,1813.0
518,2017-12-04,1819.0,1819.0,1802.0,1803.0,165888.0,1803.0
519,2017-12-05,1797.0,1811.0,1792.0,1809.0,6743.0,1809.0
520,2017-12-06,1803.0,1805.0,1778.0,1783.0,67229.0,1783.0
521,2017-12-07,1792.0,1803.0,1790.0,1803.0,73767.0,1803.0
522,2017-12-08,1813.0,1822.0,1808.0,1822.0,109088.0,1822.0
523,2017-12-11,1826.0,1829.0,1817.0,1829.0,94213.0,1829.0
524,2017-12-12,1832.0,1837.0,1828.0,1833.0,3056.0,1833.0
525,2017-12-13,1835.0,1836.0,1822.0,1829.0,38752.0,1829.0
526,2017-12-14,1827.0,1830.0,1820.0,1825.0,25673.0,1825.0
527,2017-12-15,1819.0,1821.0,1804.0,1808.0,7829.0,1808.0
528,2017-12-18,1823.0,1836.0,1823.0,1833.0,174892.0,1833.0
529,2017-12-19,1839.0,1839.0,1831.0,1834.0,11041.0,1834.0
530,2017-12-20,1834.0,1839.0,1831.0,1837.0,42301.0,1837.0
531,2017-12-21,1837.0,1841.0,1830.0,1840.0,92634.0,1840.0
532,2017-12-22,1842.0,1847.0,1840.0,1846.0,43634.0,1846.0
533,2017-12-25,1849.0,1850.0,1843.0,1849.0,16795.0,1849.0
534,2017-12-26,1850.0,1851.0,1843.0,1843.0,56477.0,1843.0
535,2017-12-27,1846.0,1851.0,1845.0,1849.0,85428.0,1849.0
536,2017-12-28,1849.0,1852.0,1834.0,1836.0,5954.0,1836.0
537,2017-12-29,1842.0,1843.0,1835.0,1837.0,10833.0,1837.0
538,2018-01-04,1864.0,1883.0,1862.0,1883.0,65933.0,1883.0
539,2018-01-05,1893.0,1900.0,1889.0,1898.0,17862.0,1898.0
540,2018-01-09,1916.0,1916.0,1902.0,1908.0,45692.0,1908.0
541,2018-01-10,1909.0,1915.0,1906.0,1912.0,55767.0,1912.0
542,2018-01-11,1902.0,1908.0,1896.0,1908.0,17016.0,1908.0
543,2018-01-12,1904.0,1905.0,1892.0,1896.0,87278.0,1896.0
544,2018-01-15,1911.0,1911.0,1901.0,1902.0,258889.0,1902.0
545,2018-01-16,1904.0,1914.0,1900.0,1914.0,8964.0,1914.0
546,2018-01-17,1903.0,1912.0,1901.0,1911.0,16068.0,1911.0
547,2018-01-18,1927.0,1927.0,1893.0,1895.0,16542.0,1895.0
548,2018-01-19,1906.0,1908.0,1901.0,1907.0,12932.0,1907.0
549,2018-01-22,1911.0,1911.0,1903.0,1911.0,89486.0,1911.0
550,2018-01-23,1919.0,1930.0,1917.0,1930.0,15132.0,1930.0
551,2018-01-24,1923.0,1927.0,1918.0,1920.0,18501.0,1920.0
552,2018-01-25,1906.0,1912.0,1901.0,1905.0,93339.0,1905.0
553,2018-01-26,1909.0,1910.0,1897.0,1899.0,11021.0,1899.0
554,2018-01-29,1902.0,1908.0,1897.0,1900.0,94554.0,1900.0
555,2018-01-30,1898.0,1899.0,1872.0,1876.0,45497.0,1876.0
556,2018-01-31,1869.0,1878.0,1854.0,1854.0,42791.0,1854.0
557,2018-02-01,1869.0,1889.0,1866.0,1888.0,28751.0,1888.0
558,2018-02-02,1882.0,1887.0,1868.0,1881.0,14633.0,1881.0
559,2018-02-05,1852.0,1855.0,1840.0,1842.0,146359.0,1842.0
560,2018-02-06,1766.0,1772.0,1724.0,1762.0,296387.0,1762.0
561,2018-02-07,1806.0,1813.0,1756.0,1757.0,86683.0,1757.0
562,2018-02-08,1770.0,1780.0,1761.0,1775.0,49910.0,1775.0
563,2018-02-09,1718.0,1741.0,1715.0,1741.0,78021.0,1741.0
564,2018-02-13,1764.0,1764.0,1722.0,1725.0,72496.0,1725.0
565,2018-02-14,1729.0,1734.0,1700.0,1711.0,126733.0,1711.0
566,2018-02-15,1730.0,1736.0,1720.0,1727.0,21109.0,1727.0
567,2018-02-16,1740.0,1755.0,1733.0,1745.0,42313.0,1745.0
568,2018-02-19,1763.0,1783.0,1758.0,1783.0,16748.0,1783.0
569,2018-02-20,1777.0,1777.0,1761.0,1772.0,122691.0,1772.0
570,2018-02-21,1774.0,1780.0,1761.0,1770.0,32903.0,1770.0
571,2018-02-22,1759.0,1759.0,1746.0,1755.0,43124.0,1755.0
572,2018-02-23,1759.0,1770.0,1756.0,1768.0,4063.0,1768.0
573,2018-02-26,1785.0,1788.0,1778.0,1784.0,182917.0,1784.0
574,2018-02-27,1800.0,1804.0,1794.0,1801.0,12653.0,1801.0
575,2018-02-28,1794.0,1800.0,1776.0,1776.0,80493.0,1776.0
576,2018-03-01,1764.0,1764.0,1743.0,1747.0,65487.0,1747.0
577,2018-03-02,1718.0,1722.0,1708.0,1717.0,28267.0,1717.0
578,2018-03-05,1707.0,1713.0,1696.0,1703.0,47535.0,1703.0
579,2018-03-06,1729.0,1737.0,1723.0,1726.0,27618.0,1726.0
580,2018-03-07,1714.0,1729.0,1711.0,1712.0,27862.0,1712.0
581,2018-03-08,1731.0,1731.0,1712.0,1719.0,28899.0,1719.0
582,2018-03-09,1736.0,1749.0,1715.0,1726.0,33943.0,1726.0
583,2018-03-12,1754.0,1756.0,1742.0,1752.0,19737.0,1752.0
584,2018-03-13,1744.0,1760.0,1740.0,1760.0,4212.0,1760.0
585,2018-03-14,1748.0,1755.0,1747.0,1753.0,2905.0,1753.0
586,2018-03-15,1747.0,1754.0,1735.0,1753.0,1574.0,1753.0
587,2018-03-16,1756.0,1756.0,1743.0,1745.0,2553.0,1745.0
588,2018-03-19,1739.0,1743.0,1723.0,1729.0,11753.0,1729.0
589,2018-03-20,1717.0,1726.0,1711.0,1725.0,12707.0,1725.0
590,2018-03-22,1720.0,1737.0,1718.0,1737.0,23879.0,1737.0
591,2018-03-23,1690.0,1698.0,1669.0,1674.0,20888.0,1674.0
592,2018-03-26,1662.0,1680.0,1654.0,1680.0,64745.0,1680.0
593,2018-03-27,1695.0,1723.0,1694.0,1723.0,31450.0,1723.0
594,2018-03-28,1707.0,1727.0,1701.0,1727.0,24780.0,1727.0
595,2018-03-29,1739.0,1740.0,1713.0,1727.0,46162.0,1727.0
596,2018-03-30,1744.0,1745.0,1732.0,1740.0,5856.0,1740.0
597,2018-04-02,1742.0,1748.0,1733.0,1733.0,72882.0,1733.0
598,2018-04-03,1716.0,1732.0,1711.0,1728.0,13901.0,1728.0
599,2018-04-04,1734.0,1737.0,1724.0,1732.0,13860.0,1732.0
600,2018-04-05,1743.0,1757.0,1737.0,1751.0,47274.0,1751.0
601,2018-04-06,1752.0,1757.0,1744.0,1745.0,18256.0,1745.0
602,2018-04-09,1743.0,1755.0,1740.0,1751.0,10885.0,1751.0
603,2018-04-10,1747.0,1767.0,1742.0,1758.0,9365.0,1758.0
604,2018-04-11,1761.0,1761.0,1750.0,1752.0,147768.0,1752.0
605,2018-04-12,1750.0,1751.0,1742.0,1743.0,11299.0,1743.0
606,2018-04-13,1754.0,1760.0,1750.0,1755.0,15672.0,1755.0
607,2018-04-16,1756.0,1762.0,1754.0,1761.0,12429.0,1761.0
608,2018-04-17,1758.0,1762.0,1751.0,1755.0,8868.0,1755.0
609,2018-04-18,1760.0,1776.0,1759.0,1775.0,19189.0,1775.0
610,2018-04-19,1781.0,1787.0,1774.0,1776.0,38109.0,1776.0
611,2018-04-20,1774.0,1781.0,1769.0,1776.0,8300.0,1776.0
612,2018-04-23,1780.0,1782.0,1773.0,1776.0,1912.0,1776.0
613,2018-04-24,1787.0,1796.0,1782.0,1795.0,26461.0,1795.0
614,2018-04-25,1784.0,1796.0,1781.0,1796.0,176228.0,1796.0
615,2018-04-26,1799.0,1801.0,1793.0,1799.0,37089.0,1799.0
616,2018-04-27,1805.0,1805.0,1797.0,1803.0,18353.0,1803.0
617,2018-05-01,1798.0,1802.0,1793.0,1799.0,14330.0,1799.0
618,2018-05-02,1802.0,1802.0,1794.0,1795.0,4261.0,1795.0
619,2018-05-07,1802.0,1802.0,1790.0,1799.0,147860.0,1799.0
620,2018-05-08,1799.0,1811.0,1798.0,1805.0,17000.0,1805.0
621,2018-05-09,1805.0,1805.0,1793.0,1799.0,6476.0,1799.0
622,2018-05-10,1803.0,1806.0,1798.0,1803.0,31235.0,1803.0
623,2018-05-11,1809.0,1821.0,1809.0,1820.0,80040.0,1820.0
624,2018-05-14,1822.0,1833.0,1821.0,1833.0,50990.0,1833.0
625,2018-05-15,1835.0,1839.0,1831.0,1831.0,3928.0,1831.0
626,2018-05-16,1827.0,1833.0,1824.0,1827.0,240681.0,1827.0
627,2018-05-17,1835.0,1838.0,1831.0,1836.0,38985.0,1836.0
628,2018-05-18,1839.0,1843.0,1835.0,1841.0,5940.0,1841.0
629,2018-05-21,1840.0,1847.0,1840.0,1842.0,14567.0,1842.0
630,2018-05-22,1841.0,1841.0,1833.0,1837.0,7961.0,1837.0
631,2018-05-23,1830.0,1837.0,1818.0,1825.0,18622.0,1825.0
632,2018-05-24,1818.0,1819.0,1798.0,1803.0,8430.0,1803.0
633,2018-05-25,1797.0,1802.0,1793.0,1798.0,23565.0,1798.0
634,2018-05-28,1797.0,1801.0,1792.0,1798.0,22515.0,1798.0
635,2018-05-29,1792.0,1796.0,1781.0,1789.0,10074.0,1789.0
636,2018-05-30,1761.0,1766.0,1757.0,1765.0,27829.0,1765.0
637,2018-05-31,1771.0,1777.0,1766.0,1772.0,152182.0,1772.0
638,2018-06-01,1770.0,1782.0,1766.0,1775.0,39617.0,1775.0
639,2018-06-04,1794.0,1804.0,1790.0,1801.0,8440.0,1801.0
640,2018-06-05,1807.0,1809.0,1797.0,1803.0,8260.0,1803.0
641,2018-06-06,1802.0,1806.0,1797.0,1804.0,9915.0,1804.0
642,2018-06-07,1811.0,1818.0,1811.0,1816.0,21311.0,1816.0
643,2018-06-08,1814.0,1819.0,1808.0,1808.0,11240.0,1808.0
644,2018-06-11,1808.0,1818.0,1805.0,1814.0,11197.0,1814.0
645,2018-06-12,1823.0,1828.0,1812.0,1819.0,10390.0,1819.0
646,2018-06-13,1823.0,1830.0,1822.0,1828.0,3554.0,1828.0
647,2018-06-14,1817.0,1821.0,1810.0,1811.0,5759.0,1811.0
648,2018-06-15,1821.0,1821.0,1811.0,1813.0,160394.0,1813.0
649,2018-06-18,1811.0,1811.0,1791.0,1799.0,36440.0,1799.0
650,2018-06-19,1788.0,1794.0,1770.0,1770.0,10377.0,1770.0
651,2018-06-20,1772.0,1780.0,1754.0,1779.0,27510.0,1779.0
652,2018-06-21,1777.0,1784.0,1773.0,1775.0,35059.0,1775.0
653,2018-06-22,1760.0,1771.0,1757.0,1771.0,192874.0,1771.0
654,2018-06-25,1774.0,1774.0,1752.0,1755.0,186743.0,1755.0
655,2018-06-26,1743.0,1759.0,1737.0,1757.0,37909.0,1757.0
656,2018-06-27,1759.0,1764.0,1750.0,1759.0,15857.0,1759.0
657,2018-06-28,1754.0,1755.0,1743.0,1753.0,59718.0,1753.0
658,2018-06-29,1759.0,1759.0,1745.0,1758.0,8998.0,1758.0
659,2018-07-02,1752.0,1757.0,1721.0,1722.0,114576.0,1722.0
660,2018-07-03,1728.0,1729.0,1707.0,1720.0,434692.0,1720.0
661,2018-07-04,1713.0,1726.0,1711.0,1719.0,17488.0,1719.0
662,2018-07-05,1719.0,1719.0,1699.0,1703.0,89187.0,1703.0
663,2018-07-06,1715.0,1725.0,1712.0,1720.0,56857.0,1720.0
664,2018-07-09,1727.0,1741.0,1724.0,1740.0,117389.0,1740.0
665,2018-07-10,1752.0,1759.0,1745.0,1745.0,26188.0,1745.0
666,2018-07-11,1731.0,1733.0,1715.0,1728.0,227386.0,1728.0
667,2018-07-12,1737.0,1742.0,1733.0,1738.0,35518.0,1738.0
668,2018-07-13,1748.0,1761.0,1746.0,1758.0,150972.0,1758.0
669,2018-07-17,1761.0,1782.0,1759.0,1773.0,143033.0,1773.0
670,2018-07-18,1790.0,1791.0,1778.0,1778.0,198668.0,1778.0
671,2018-07-19,1783.0,1788.0,1777.0,1779.0,50581.0,1779.0
672,2018-07-20,1775.0,1783.0,1763.0,1772.0,73016.0,1772.0
673,2018-07-23,1767.0,1776.0,1764.0,1767.0,57571.0,1767.0
674,2018-07-24,1777.0,1779.0,1772.0,1773.0,3178.0,1773.0
675,2018-07-25,1782.0,1786.0,1779.0,1779.0,88295.0,1779.0
676,2018-07-26,1797.0,1798.0,1791.0,1793.0,305072.0,1793.0
677,2018-07-27,1800.0,1804.0,1796.0,1804.0,220409.0,1804.0
678,2018-07-30,1797.0,1801.0,1791.0,1795.0,12782.0,1795.0
679,2018-07-31,1790.0,1798.0,1777.0,1779.0,59315.0,1779.0
680,2018-08-01,1793.0,1800.0,1784.0,1798.0,28889.0,1798.0
681,2018-08-02,1797.0,1802.0,1776.0,1778.0,87582.0,1778.0
682,2018-08-03,1785.0,1785.0,1768.0,1769.0,33771.0,1769.0
683,2018-08-06,1771.0,1775.0,1758.0,1759.0,52863.0,1759.0
684,2018-08-07,1744.0,1757.0,1743.0,1757.0,41264.0,1757.0
685,2018-08-08,1760.0,1768.0,1754.0,1755.0,29801.0,1755.0
686,2018-08-09,1753.0,1756.0,1744.0,1752.0,29090.0,1752.0
687,2018-08-10,1753.0,1753.0,1730.0,1735.0,238175.0,1735.0
688,2018-08-13,1719.0,1719.0,1694.0,1695.0,176315.0,1695.0
689,2018-08-14,1705.0,1723.0,1703.0,1723.0,102801.0,1723.0
690,2018-08-15,1724.0,1726.0,1703.0,1708.0,29492.0,1708.0
691,2018-08-16,1690.0,1703.0,1678.0,1697.0,247850.0,1697.0
692,2018-08-17,1706.0,1712.0,1704.0,1708.0,21520.0,1708.0
693,2018-08-20,1704.0,1708.0,1699.0,1703.0,38573.0,1703.0
694,2018-08-21,1697.0,1704.0,1691.0,1697.0,47570.0,1697.0
695,2018-08-22,1698.0,1712.0,1695.0,1711.0,27942.0,1711.0
696,2018-08-23,1712.0,1714.0,1707.0,1710.0,52139.0,1710.0
697,2018-08-24,1719.0,1721.0,1713.0,1720.0,45653.0,1720.0
698,2018-08-27,1729.0,1744.0,1727.0,1739.0,70015.0,1739.0
699,2018-08-28,1755.0,1757.0,1743.0,1745.0,85309.0,1745.0
700,2018-08-29,1746.0,1757.0,1746.0,1751.0,50712.0,1751.0
701,2018-08-30,1763.0,1763.0,1748.0,1753.0,48578.0,1753.0
702,2018-08-31,1741.0,1752.0,1738.0,1747.0,56410.0,1747.0
703,2018-09-03,1744.0,1744.0,1728.0,1731.0,367642.0,1731.0
704,2018-09-04,1735.0,1735.0,1725.0,1729.0,11435.0,1729.0
705,2018-09-05,1726.0,1726.0,1713.0,1717.0,62208.0,1717.0
706,2018-09-06,1709.0,1711.0,1702.0,1709.0,68196.0,1709.0
707,2018-09-07,1696.0,1698.0,1685.0,1698.0,87132.0,1698.0
708,2018-09-10,1692.0,1705.0,1690.0,1702.0,37843.0,1702.0
709,2018-09-11,1703.0,1711.0,1701.0,1710.0,30130.0,1710.0
710,2018-09-12,1713.0,1713.0,1695.0,1702.0,146812.0,1702.0
711,2018-09-13,1709.0,1728.0,1707.0,1722.0,64319.0,1722.0
712,2018-09-14,1737.0,1742.0,1733.0,1740.0,73184.0,1740.0
713,2018-09-18,1737.0,1775.0,1736.0,1772.0,118279.0,1772.0
714,2018-09-19,1796.0,1805.0,1791.0,1798.0,76636.0,1798.0
715,2018-09-20,1807.0,1807.0,1794.0,1798.0,128819.0,1798.0
716,2018-09-21,1815.0,1820.0,1809.0,1814.0,151278.0,1814.0
717,2018-09-25,1820.0,1834.0,1816.0,1833.0,126358.0,1833.0
718,2018-09-26,1840.0,1850.0,1835.0,1849.0,135994.0,1849.0
719,2018-09-27,1845.0,1853.0,1826.0,1826.0,33040.0,1826.0
720,2018-09-28,1847.0,1856.0,1839.0,1843.0,147292.0,1843.0
721,2018-10-01,1842.0,1850.0,1838.0,1845.0,52669.0,1845.0
722,2018-10-02,1858.0,1867.0,1848.0,1851.0,29052.0,1851.0
723,2018-10-03,1849.0,1852.0,1829.0,1829.0,39883.0,1829.0
724,2018-10-04,1847.0,1848.0,1824.0,1827.0,159578.0,1827.0
725,2018-10-05,1819.0,1828.0,1814.0,1821.0,96161.0,1821.0
726,2018-10-09,1829.0,1829.0,1783.0,1788.0,68929.0,1788.0
727,2018-10-10,1797.0,1799.0,1780.0,1789.0,56273.0,1789.0
728,2018-10-11,1727.0,1744.0,1719.0,1727.0,114695.0,1727.0
729,2018-10-12,1712.0,1786.0,1710.0,1786.0,84845.0,1786.0
730,2018-10-15,1746.0,1748.0,1699.0,1699.0,147528.0,1699.0
731,2018-10-16,1700.0,1713.0,1696.0,1713.0,141624.0,1713.0
732,2018-10-17,1738.0,1743.0,1729.0,1740.0,30838.0,1740.0
733,2018-10-18,1744.0,1745.0,1727.0,1729.0,47746.0,1729.0
734,2018-10-19,1709.0,1720.0,1701.0,1718.0,53924.0,1718.0
735,2018-10-22,1705.0,1725.0,1699.0,1721.0,22336.0,1721.0
736,2018-10-23,1706.0,1706.0,1674.0,1676.0,270430.0,1676.0
737,2018-10-24,1687.0,1687.0,1663.0,1676.0,123385.0,1676.0
738,2018-10-25,1636.0,1642.0,1620.0,1625.0,355627.0,1625.0
739,2018-10-26,1641.0,1641.0,1605.0,1620.0,778099.0,1620.0
740,2018-10-29,1631.0,1637.0,1612.0,1613.0,24647.0,1613.0
741,2018-10-30,1608.0,1643.0,1608.0,1634.0,172294.0,1634.0
742,2018-10-31,1650.0,1670.0,1643.0,1670.0,66336.0,1670.0
743,2018-11-01,1665.0,1666.0,1652.0,1657.0,73960.0,1657.0
744,2018-11-02,1667.0,1687.0,1654.0,1681.0,197849.0,1681.0
745,2018-11-05,1668.0,1674.0,1660.0,1665.0,118739.0,1665.0
746,2018-11-06,1673.0,1688.0,1671.0,1684.0,53878.0,1684.0
747,2018-11-07,1684.0,1704.0,1670.0,1679.0,160454.0,1679.0
748,2018-11-08,1707.0,1713.0,1703.0,1705.0,74602.0,1705.0
749,2018-11-09,1707.0,1712.0,1696.0,1698.0,181039.0,1698.0
750,2018-11-12,1689.0,1702.0,1685.0,1698.0,49778.0,1698.0
751,2018-11-13,1660.0,1665.0,1643.0,1661.0,165014.0,1661.0
752,2018-11-14,1664.0,1674.0,1662.0,1666.0,48048.0,1666.0
753,2018-11-15,1656.0,1665.0,1652.0,1663.0,12357.0,1663.0
754,2018-11-16,1665.0,1671.0,1653.0,1653.0,304128.0,1653.0
755,2018-11-19,1654.0,1665.0,1653.0,1662.0,72357.0,1662.0
756,2018-11-20,1646.0,1656.0,1643.0,1650.0,54876.0,1650.0
757,2018-11-21,1623.0,1644.0,1622.0,1641.0,154053.0,1641.0
758,2018-11-22,1646.0,1655.0,1639.0,1653.0,46389.0,1653.0
759,2018-11-26,1652.0,1662.0,1648.0,1659.0,19079.0,1659.0
760,2018-11-27,1667.0,1673.0,1662.0,1670.0,22490.0,1670.0
761,2018-11-28,1675.0,1680.0,1668.0,1678.0,25791.0,1678.0
762,2018-11-29,1693.0,1698.0,1684.0,1686.0,16083.0,1686.0
763,2018-11-30,1685.0,1695.0,1685.0,1692.0,24875.0,1692.0
764,2018-12-03,1714.0,1722.0,1708.0,1713.0,22410.0,1713.0
765,2018-12-04,1713.0,1715.0,1674.0,1674.0,406789.0,1674.0
766,2018-12-05,1648.0,1670.0,1646.0,1665.0,95141.0,1665.0
767,2018-12-06,1655.0,1659.0,1625.0,1633.0,150892.0,1633.0
768,2018-12-07,1641.0,1649.0,1633.0,1644.0,196582.0,1644.0
769,2018-12-10,1619.0,1621.0,1612.0,1613.0,149613.0,1613.0
770,2018-12-11,1618.0,1618.0,1596.0,1599.0,112299.0,1599.0
771,2018-12-12,1616.0,1632.0,1614.0,1631.0,22030.0,1631.0
772,2018-12-13,1639.0,1648.0,1635.0,1640.0,65022.0,1640.0
773,2018-12-14,1633.0,1639.0,1615.0,1616.0,44032.0,1616.0
774,2018-12-17,1656.0,1656.0,1616.0,1618.0,48714.0,1618.0
775,2018-12-18,1599.0,1603.0,1587.0,1587.0,45439.0,1587.0
776,2018-12-19,1585.0,1588.0,1571.0,1579.0,125278.0,1579.0
777,2018-12-20,1569.0,1579.0,1535.0,1541.0,141138.0,1541.0
778,2018-12-21,1533.0,1533.0,1502.0,1508.0,740449.0,1508.0
779,2018-12-25,1457.0,1457.0,1434.0,1439.0,518619.0,1439.0
780,2018-12-26,1449.0,1467.0,1433.0,1458.0,244782.0,1458.0
781,2018-12-27,1514.0,1534.0,1505.0,1526.0,209138.0,1526.0
782,2018-12-28,1517.0,1634.0,1511.0,1521.0,724949.0,1521.0
783,2019-01-04,1481.0,1495.0,1471.0,1495.0,149894.0,1495.0
784,2019-01-07,1543.0,1546.0,1534.0,1537.0,374719.0,1537.0
785,2019-01-08,1547.0,1555.0,1540.0,1544.0,133368.0,1544.0
786,2019-01-09,1558.0,1564.0,1556.0,1560.0,17358.0,1560.0
787,2019-01-10,1546.0,1553.0,1540.0,1546.0,106416.0,1546.0
788,2019-01-11,1555.0,1561.0,1551.0,1555.0,176195.0,1555.0
789,2019-01-15,1545.0,1571.0,1545.0,1568.0,66114.0,1568.0
790,2019-01-16,1566.0,1567.0,1555.0,1561.0,7942.0,1561.0
791,2019-01-17,1573.0,1575.0,1563.0,1569.0,13784.0,1569.0
792,2019-01-18,1571.0,1589.0,1571.0,1584.0,32155.0,1584.0
793,2019-01-21,1601.0,1601.0,1589.0,1594.0,29804.0,1594.0
794,2019-01-22,1594.0,1599.0,1578.0,1582.0,9546.0,1582.0
795,2019-01-23,1571.0,1581.0,1569.0,1573.0,19310.0,1573.0
796,2019-01-24,1564.0,1579.0,1562.0,1578.0,11825.0,1578.0
797,2019-01-25,1579.0,1597.0,1579.0,1592.0,131598.0,1592.0
798,2019-01-28,1590.0,1590.0,1581.0,1581.0,58245.0,1581.0
799,2019-01-29,1573.0,1587.0,1568.0,1585.0,665078.0,1585.0
800,2019-01-30,1583.0,1587.0,1575.0,1576.0,59958.0,1576.0
801,2019-01-31,1599.0,1601.0,1588.0,1592.0,37606.0,1592.0
802,2019-02-01,1592.0,1604.0,1589.0,1591.0,16534.0,1591.0
803,2019-02-04,1594.0,1610.0,1594.0,1607.0,14502.0,1607.0
804,2019-02-05,1614.0,1617.0,1606.0,1609.0,22803.0,1609.0
805,2019-02-06,1605.0,1607.0,1598.0,1598.0,14372.0,1598.0
806,2019-02-07,1595.0,1595.0,1579.0,1585.0,10898.0,1585.0
807,2019-02-08,1567.0,1570.0,1552.0,1555.0,25952.0,1555.0
808,2019-02-12,1565.0,1593.0,1563.0,1587.0,27250.0,1587.0
809,2019-02-13,1599.0,1608.0,1594.0,1605.0,40271.0,1605.0
810,2019-02-14,1605.0,1612.0,1603.0,1605.0,12388.0,1605.0
811,2019-02-15,1594.0,1597.0,1584.0,1595.0,49605.0,1595.0
812,2019-02-18,1619.0,1621.0,1613.0,1618.0,79055.0,1618.0
813,2019-02-19,1614.0,1623.0,1614.0,1622.0,70156.0,1622.0
814,2019-02-20,1624.0,1634.0,1623.0,1629.0,109515.0,1629.0
815,2019-02-21,1630.0,1635.0,1620.0,1630.0,34782.0,1630.0
816,2019-02-22,1621.0,1626.0,1619.0,1625.0,6374.0,1625.0
817,2019-02-25,1635.0,1639.0,1632.0,1639.0,56580.0,1639.0
818,2019-02-26,1637.0,1641.0,1630.0,1635.0,70794.0,1635.0
819,2019-02-27,1635.0,1641.0,1635.0,1640.0,99319.0,1640.0
820,2019-02-28,1635.0,1635.0,1624.0,1625.0,109612.0,1625.0
821,2019-03-01,1630.0,1637.0,1628.0,1633.0,52407.0,1633.0
822,2019-03-04,1648.0,1648.0,1639.0,1646.0,18604.0,1646.0
823,2019-03-05,1636.0,1638.0,1629.0,1634.0,102138.0,1634.0
824,2019-03-06,1635.0,1635.0,1629.0,1633.0,79364.0,1633.0
825,2019-03-07,1622.0,1623.0,1613.0,1619.0,40233.0,1619.0
826,2019-03-08,1604.0,1610.0,1586.0,1588.0,137829.0,1588.0
827,2019-03-11,1590.0,1601.0,1588.0,1599.0,68149.0,1599.0
828,2019-03-12,1614.0,1629.0,1612.0,1623.0,23806.0,1623.0
829,2019-03-13,1616.0,1622.0,1602.0,1608.0,11432.0,1608.0
830,2019-03-14,1622.0,1624.0,1606.0,1607.0,64023.0,1607.0
831,2019-03-15,1613.0,1625.0,1612.0,1620.0,11179.0,1620.0
832,2019-03-18,1627.0,1631.0,1622.0,1630.0,7492.0,1630.0
833,2019-03-19,1629.0,1629.0,1618.0,1627.0,32243.0,1627.0
834,2019-03-20,1624.0,1631.0,1624.0,1630.0,44527.0,1630.0
835,2019-03-22,1632.0,1634.0,1627.0,1634.0,18201.0,1634.0
836,2019-03-25,1607.0,1607.0,1587.0,1593.0,136378.0,1593.0
837,2019-03-26,1611.0,1635.0,1610.0,1633.0,71051.0,1633.0
838,2019-03-27,1643.0,1645.0,1632.0,1645.0,6410.0,1645.0
839,2019-03-28,1628.0,1628.0,1610.0,1615.0,24080.0,1615.0
840,2019-03-29,1630.0,1632.0,1622.0,1623.0,49729.0,1623.0
841,2019-04-01,1649.0,1659.0,1646.0,1649.0,23291.0,1649.0
842,2019-04-02,1665.0,1665.0,1645.0,1645.0,10209.0,1645.0
843,2019-04-03,1649.0,1657.0,1642.0,1655.0,15651.0,1655.0
844,2019-04-04,1658.0,1660.0,1652.0,1655.0,24442.0,1655.0
845,2019-04-05,1657.0,1662.0,1655.0,1660.0,16985.0,1660.0
846,2019-04-08,1665.0,1665.0,1650.0,1655.0,179801.0,1655.0
847,2019-04-09,1653.0,1654.0,1644.0,1654.0,18823.0,1654.0
848,2019-04-10,1636.0,1643.0,1633.0,1642.0,58989.0,1642.0
849,2019-04-11,1638.0,1644.0,1635.0,1642.0,32715.0,1642.0
850,2019-04-12,1647.0,1647.0,1636.0,1639.0,3454.0,1639.0
851,2019-04-15,1659.0,1668.0,1659.0,1663.0,21246.0,1663.0
852,2019-04-16,1659.0,1668.0,1658.0,1662.0,31566.0,1662.0
853,2019-04-17,1663.0,1669.0,1660.0,1665.0,31405.0,1665.0
854,2019-04-18,1665.0,1667.0,1646.0,1648.0,19063.0,1648.0
855,2019-04-19,1657.0,1660.0,1649.0,1650.0,24092.0,1650.0
856,2019-04-22,1648.0,1655.0,1642.0,1654.0,91354.0,1654.0
857,2019-04-23,1655.0,1660.0,1650.0,1658.0,85259.0,1658.0
858,2019-04-24,1664.0,1664.0,1643.0,1647.0,167244.0,1647.0
859,2019-04-25,1648.0,1658.0,1646.0,1653.0,194183.0,1653.0
860,2019-04-26,1644.0,1655.0,1636.0,1653.0,123018.0,1653.0
861,2019-05-07,1650.0,1650.0,1629.0,1631.0,27617.0,1631.0
862,2019-05-08,1614.0,1614.0,1600.0,1606.0,329054.0,1606.0
863,2019-05-09,1597.0,1598.0,1581.0,1584.0,177048.0,1584.0
864,2019-05-10,1583.0,1597.0,1573.0,1583.0,233755.0,1583.0
865,2019-05-13,1575.0,1583.0,1570.0,1575.0,98174.0,1575.0
866,2019-05-14,1540.0,1570.0,1540.0,1570.0,216786.0,1570.0
867,2019-05-15,1572.0,1578.0,1561.0,1576.0,54217.0,1576.0
868,2019-05-16,1578.0,1578.0,1561.0,1572.0,11810.0,1572.0
869,2019-05-17,1585.0,1598.0,1579.0,1587.0,137852.0,1587.0
870,2019-05-20,1589.0,1597.0,1585.0,1589.0,55329.0,1589.0
871,2019-05-21,1579.0,1587.0,1576.0,1584.0,93559.0,1584.0
872,2019-05-22,1592.0,1592.0,1579.0,1579.0,82328.0,1579.0
873,2019-05-23,1573.0,1578.0,1569.0,1575.0,202030.0,1575.0
874,2019-05-24,1560.0,1575.0,1558.0,1573.0,154460.0,1573.0
875,2019-05-27,1575.0,1583.0,1573.0,1581.0,406153.0,1581.0
876,2019-05-28,1580.0,1589.0,1579.0,1584.0,43586.0,1584.0
877,2019-05-29,1569.0,1572.0,1557.0,1570.0,75149.0,1570.0
878,2019-05-30,1558.0,1566.0,1554.0,1565.0,75768.0,1565.0
879,2019-05-31,1554.0,1557.0,1544.0,1544.0,144149.0,1544.0
880,2019-06-03,1525.0,1533.0,1523.0,1532.0,90598.0,1532.0
881,2019-06-04,1535.0,1536.0,1523.0,1531.0,74473.0,1531.0
882,2019-06-05,1556.0,1564.0,1552.0,1563.0,67797.0,1563.0
883,2019-06-06,1560.0,1566.0,1558.0,1558.0,23801.0,1558.0
884,2019-06-07,1561.0,1566.0,1558.0,1566.0,212147.0,1566.0
885,2019-06-10,1580.0,1590.0,1577.0,1588.0,39250.0,1588.0
886,2019-06-11,1587.0,1597.0,1583.0,1596.0,151527.0,1596.0
887,2019-06-12,1590.0,1597.0,1587.0,1587.0,102651.0,1587.0
888,2019-06-13,1578.0,1582.0,1566.0,1572.0,104854.0,1572.0
889,2019-06-14,1572.0,1581.0,1566.0,1579.0,139994.0,1579.0
890,2019-06-17,1575.0,1581.0,1573.0,1573.0,38528.0,1573.0
891,2019-06-18,1574.0,1578.0,1557.0,1561.0,44151.0,1561.0
892,2019-06-19,1581.0,1590.0,1581.0,1590.0,100722.0,1590.0
893,2019-06-20,1595.0,1597.0,1589.0,1594.0,41705.0,1594.0
894,2019-06-21,1591.0,1593.0,1576.0,1579.0,34671.0,1579.0
895,2019-06-24,1575.0,1583.0,1574.0,1581.0,64028.0,1581.0
896,2019-06-25,1578.0,1588.0,1573.0,1577.0,99168.0,1577.0
897,2019-06-26,1572.0,1575.0,1567.0,1570.0,49579.0,1570.0
898,2019-06-27,1574.0,1590.0,1573.0,1590.0,94974.0,1590.0
899,2019-06-28,1587.0,1590.0,1579.0,1588.0,81362.0,1588.0
900,2019-07-01,1612.0,1622.0,1604.0,1620.0,134275.0,1620.0
901,2019-07-02,1621.0,1629.0,1621.0,1627.0,514338.0,1627.0
902,2019-07-03,1620.0,1620.0,1608.0,1614.0,40593.0,1614.0
903,2019-07-04,1623.0,1627.0,1622.0,1626.0,86573.0,1626.0
904,2019-07-05,1627.0,1631.0,1623.0,1628.0,106790.0,1628.0
905,2019-07-08,1627.0,1627.0,1613.0,1617.0,78506.0,1617.0
906,2019-07-09,1619.0,1624.0,1608.0,1611.0,107948.0,1611.0
907,2019-07-10,1605.0,1610.0,1601.0,1607.0,100970.0,1607.0
908,2019-07-11,1609.0,1618.0,1608.0,1617.0,776867.0,1617.0
909,2019-07-12,1619.0,1620.0,1608.0,1613.0,138047.0,1613.0
910,2019-07-16,1610.0,1610.0,1602.0,1607.0,241763.0,1607.0
911,2019-07-17,1601.0,1607.0,1596.0,1604.0,142561.0,1604.0
912,2019-07-18,1594.0,1595.0,1565.0,1568.0,689228.0,1568.0
913,2019-07-19,1576.0,1602.0,1572.0,1598.0,431425.0,1598.0
914,2019-07-22,1594.0,1597.0,1590.0,1593.0,137516.0,1593.0
915,2019-07-23,1593.0,1610.0,1588.0,1606.0,253451.0,1606.0
916,2019-07-24,1613.0,1614.0,1606.0,1609.0,113426.0,1609.0
917,2019-07-25,1615.0,1617.0,1612.0,1616.0,97716.0,1616.0
918,2019-07-26,1606.0,1609.0,1600.0,1609.0,85819.0,1609.0
919,2019-07-29,1604.0,1607.0,1599.0,1605.0,21640.0,1605.0
920,2019-07-30,1608.0,1616.0,1607.0,1614.0,379021.0,1614.0
921,2019-07-31,1599.0,1606.0,1598.0,1600.0,53177.0,1600.0
922,2019-08-01,1593.0,1605.0,1589.0,1602.0,76025.0,1602.0
923,2019-08-02,1576.0,1580.0,1562.0,1570.0,145043.0,1570.0
924,2019-08-05,1554.0,1555.0,1524.0,1538.0,235218.0,1538.0
925,2019-08-06,1492.0,1535.0,1492.0,1535.0,140473.0,1535.0
926,2019-08-07,1532.0,1539.0,1525.0,1535.0,280859.0,1535.0
927,2019-08-08,1517.0,1523.0,1510.0,1518.0,26064.0,1518.0
928,2019-08-09,1531.0,1531.0,1522.0,1522.0,7925.0,1522.0
929,2019-08-13,1507.0,1510.0,1499.0,1503.0,222596.0,1503.0
930,2019-08-14,1521.0,1521.0,1510.0,1514.0,1132043.0,1514.0
931,2019-08-15,1487.0,1501.0,1482.0,1500.0,143310.0,1500.0
932,2019-08-16,1494.0,1504.0,1492.0,1501.0,16469.0,1501.0
933,2019-08-19,1512.0,1514.0,1506.0,1509.0,52981.0,1509.0
934,2019-08-20,1515.0,1523.0,1514.0,1523.0,95786.0,1523.0
935,2019-08-21,1509.0,1515.0,1507.0,1514.0,14695.0,1514.0
936,2019-08-22,1519.0,1519.0,1510.0,1514.0,20726.0,1514.0
937,2019-08-23,1516.0,1520.0,1514.0,1520.0,192320.0,1520.0
938,2019-08-26,1483.0,1497.0,1480.0,1493.0,37843.0,1493.0
939,2019-08-27,1508.0,1511.0,1504.0,1504.0,76896.0,1504.0
940,2019-08-28,1507.0,1509.0,1504.0,1507.0,65112.0,1507.0
941,2019-08-29,1509.0,1510.0,1498.0,1509.0,8734.0,1509.0
942,2019-08-30,1521.0,1530.0,1518.0,1529.0,13522.0,1529.0
943,2019-09-02,1524.0,1527.0,1522.0,1524.0,9843.0,1524.0
944,2019-09-03,1520.0,1532.0,1519.0,1527.0,153844.0,1527.0
945,2019-09-04,1523.0,1527.0,1518.0,1525.0,125521.0,1525.0
946,2019-09-05,1534.0,1558.0,1533.0,1550.0,77823.0,1550.0
947,2019-09-06,1558.0,1559.0,1553.0,1553.0,4947.0,1553.0
948,2019-09-09,1556.0,1568.0,1555.0,1568.0,32255.0,1568.0
949,2019-09-10,1575.0,1579.0,1572.0,1576.0,103618.0,1576.0
950,2019-09-11,1581.0,1600.0,1581.0,1600.0,1002344.0,1600.0
951,2019-09-12,1613.0,1618.0,1607.0,1613.0,188412.0,1613.0
952,2019-09-13,1620.0,1628.0,1612.0,1628.0,46779.0,1628.0
953,2019-09-17,1624.0,1638.0,1623.0,1632.0,123759.0,1632.0
954,2019-09-18,1631.0,1632.0,1620.0,1625.0,96846.0,1625.0
955,2019-09-19,1632.0,1646.0,1630.0,1635.0,18819.0,1635.0
956,2019-09-20,1640.0,1643.0,1632.0,1632.0,23532.0,1632.0
957,2019-09-24,1637.0,1648.0,1637.0,1642.0,72082.0,1642.0
958,2019-09-25,1633.0,1640.0,1630.0,1639.0,70029.0,1639.0
959,2019-09-26,1653.0,1654.0,1637.0,1638.0,9635.0,1638.0
960,2019-09-27,1647.0,1647.0,1623.0,1637.0,51715.0,1637.0
961,2019-09-30,1625.0,1630.0,1617.0,1620.0,38248.0,1620.0
962,2019-10-01,1628.0,1642.0,1628.0,1637.0,366109.0,1637.0
963,2019-10-02,1625.0,1631.0,1623.0,1631.0,18399.0,1631.0
964,2019-10-03,1600.0,1603.0,1594.0,1600.0,40365.0,1600.0
965,2019-10-04,1597.0,1606.0,1593.0,1606.0,22188.0,1606.0
966,2019-10-07,1610.0,1611.0,1603.0,1605.0,7833.0,1605.0
967,2019-10-08,1615.0,1621.0,1614.0,1621.0,68231.0,1621.0
968,2019-10-09,1605.0,1615.0,1604.0,1615.0,31121.0,1615.0
969,2019-10-10,1613.0,1615.0,1598.0,1615.0,18354.0,1615.0
970,2019-10-11,1630.0,1630.0,1620.0,1629.0,191824.0,1629.0
971,2019-10-15,1650.0,1665.0,1647.0,1660.0,1347400.0,1660.0
972,2019-10-16,1671.0,1681.0,1663.0,1664.0,234360.0,1664.0
973,2019-10-17,1664.0,1666.0,1658.0,1659.0,93808.0,1659.0
974,2019-10-18,1663.0,1668.0,1654.0,1657.0,80343.0,1657.0
975,2019-10-21,1660.0,1665.0,1660.0,1663.0,19955.0,1663.0
976,2019-10-23,1667.0,1675.0,1654.0,1674.0,95654.0,1674.0
977,2019-10-24,1682.0,1683.0,1677.0,1678.0,40260.0,1678.0
978,2019-10-25,1683.0,1684.0,1677.0,1684.0,122258.0,1684.0
979,2019-10-28,1686.0,1687.0,1682.0,1684.0,11886.0,1684.0
980,2019-10-29,1691.0,1700.0,1691.0,1696.0,19072.0,1696.0
981,2019-10-30,1699.0,1701.0,1695.0,1701.0,55838.0,1701.0
982,2019-10-31,1701.0,1706.0,1696.0,1702.0,126655.0,1702.0
983,2019-11-01,1691.0,1701.0,1689.0,1700.0,191409.0,1700.0
984,2019-11-05,1724.0,1733.0,1717.0,1728.0,55746.0,1728.0
985,2019-11-06,1735.0,1736.0,1724.0,1729.0,162700.0,1729.0
986,2019-11-07,1728.0,1734.0,1728.0,1733.0,373670.0,1733.0
987,2019-11-08,1751.0,1753.0,1733.0,1737.0,190842.0,1737.0
988,2019-11-11,1742.0,1747.0,1736.0,1738.0,36921.0,1738.0
989,2019-11-12,1739.0,1747.0,1735.0,1744.0,77563.0,1744.0
990,2019-11-13,1743.0,1744.0,1734.0,1734.0,79780.0,1734.0
991,2019-11-14,1733.0,1735.0,1714.0,1718.0,57944.0,1718.0
992,2019-11-15,1722.0,1735.0,1720.0,1732.0,81838.0,1732.0
993,2019-11-18,1731.0,1736.0,1728.0,1735.0,141364.0,1735.0
994,2019-11-19,1731.0,1736.0,1727.0,1731.0,180569.0,1731.0
995,2019-11-20,1723.0,1732.0,1719.0,1727.0,313209.0,1727.0
996,2019-11-21,1722.0,1726.0,1700.0,1723.0,42092.0,1723.0
997,2019-11-22,1725.0,1735.0,1724.0,1725.0,22604.0,1725.0
998,2019-11-25,1737.0,1742.0,1735.0,1737.0,206599.0,1737.0
999,2019-11-26,1747.0,1754.0,1739.0,1739.0,50138.0,1739.0
1000,2019-11-27,1744.0,1751.0,1744.0,1746.0,302539.0,1746.0
1001,2019-11-28,1747.0,1750.0,1738.0,1743.0,255323.0,1743.0
1002,2019-11-29,1745.0,1749.0,1734.0,1735.0,185976.0,1735.0
1003,2019-12-02,1741.0,1754.0,1741.0,1751.0,226004.0,1751.0
1004,2019-12-03,1729.0,1742.0,1727.0,1740.0,7464951.0,1740.0
1005,2019-12-04,1731.0,1738.0,1726.0,1736.0,614277.0,1736.0
1006,2019-12-05,1745.0,1749.0,1741.0,1746.0,160236.0,1746.0
1007,2019-12-06,1749.0,1752.0,1745.0,1747.0,226091.0,1747.0
1008,2019-12-09,1761.0,1762.0,1749.0,1758.0,85817.0,1758.0
1009,2019-12-10,1756.0,1760.0,1755.0,1757.0,11747.0,1757.0
1010,2019-12-11,1755.0,1758.0,1747.0,1750.0,66787.0,1750.0
1011,2019-12-12,1756.0,1756.0,1744.0,1748.0,25923.0,1748.0
1012,2019-12-13,1778.0,1786.0,1771.0,1776.0,423578.0,1776.0
1013,2019-12-16,1774.0,1779.0,1773.0,1773.0,7384.0,1773.0
1014,2019-12-17,1781.0,1783.0,1774.0,1783.0,69300.0,1783.0
1015,2019-12-18,1783.0,1783.0,1773.0,1774.0,451362.0,1774.0
1016,2019-12-19,1775.0,1778.0,1768.0,1771.0,203807.0,1771.0
1017,2019-12-20,1772.0,1774.0,1763.0,1767.0,75137.0,1767.0
1018,2019-12-23,1775.0,1775.0,1763.0,1763.0,81297.0,1763.0
1019,2019-12-24,1766.0,1768.0,1761.0,1765.0,6816.0,1765.0
1020,2019-12-25,1764.0,1764.0,1756.0,1756.0,18906.0,1756.0
1021,2019-12-26,1756.0,1767.0,1756.0,1767.0,43891.0,1767.0
1022,2019-12-27,1774.0,1777.0,1770.0,1772.0,6622.0,1772.0
1023,2019-12-30,1766.0,1766.0,1756.0,1760.0,17410.0,1760.0
1024,2020-01-06,1736.0,1741.0,1727.0,1736.0,695181.0,1736.0
1025,2020-01-07,1743.0,1764.0,1743.0,1762.0,22454.0,1762.0
1026,2020-01-08,1739.0,1745.0,1720.0,1738.0,132830.0,1738.0
1027,2020-01-09,1761.0,1770.0,1760.0,1767.0,119455.0,1767.0
1028,2020-01-10,1773.0,1778.0,1769.0,1772.0,37733.0,1772.0
1029,2020-01-14,1780.0,1780.0,1772.0,1777.0,57137.0,1777.0
1030,2020-01-15,1771.0,1776.0,1765.0,1767.0,47349.0,1767.0
1031,2020-01-16,1773.0,1773.0,1764.0,1767.0,36101.0,1767.0
1032,2020-01-17,1775.0,1776.0,1771.0,1774.0,62901.0,1774.0
1033,2020-01-20,1779.0,1785.0,1779.0,1782.0,26164.0,1782.0
1034,2020-01-21,1784.0,1784.0,1771.0,1774.0,76312.0,1774.0
1035,2020-01-22,1772.0,1784.0,1770.0,1782.0,25876.0,1782.0
1036,2020-01-23,1773.0,1776.0,1768.0,1768.0,59225.0,1768.0
1037,2020-01-24,1771.0,1772.0,1764.0,1767.0,36621.0,1767.0
1038,2020-01-27,1739.0,1747.0,1734.0,1738.0,89309.0,1738.0
1039,2020-01-28,1726.0,1733.0,1721.0,1731.0,86751.0,1731.0
1040,2020-01-29,1731.0,1738.0,1727.0,1736.0,16932.0,1736.0
1041,2020-01-30,1731.0,1735.0,1704.0,1711.0,121485.0,1711.0
1042,2020-01-31,1721.0,1736.0,1720.0,1720.0,133099.0,1720.0
1043,2020-02-03,1690.0,1714.0,1690.0,1708.0,267418.0,1708.0
1044,2020-02-04,1708.0,1723.0,1705.0,1720.0,17376.0,1720.0
1045,2020-02-05,1742.0,1745.0,1734.0,1741.0,52811.0,1741.0
1046,2020-02-06,1745.0,1765.0,1745.0,1756.0,237858.0,1756.0
1047,2020-02-07,1763.0,1763.0,1750.0,1750.0,13093.0,1750.0
1048,2020-02-10,1738.0,1746.0,1737.0,1741.0,11877.0,1741.0
1049,2020-02-12,1742.0,1745.0,1731.0,1739.0,35450.0,1739.0
1050,2020-02-13,1734.0,1737.0,1729.0,1732.0,18357.0,1732.0
1051,2020-02-14,1725.0,1725.0,1718.0,1721.0,55474.0,1721.0
1052,2020-02-17,1708.0,1710.0,1696.0,1707.0,66115.0,1707.0
1053,2020-02-18,1699.0,1700.0,1682.0,1685.0,17885.0,1685.0
1054,2020-02-19,1692.0,1697.0,1687.0,1691.0,599144.0,1691.0
1055,2020-02-20,1705.0,1712.0,1692.0,1695.0,5388.0,1695.0
1056,2020-02-21,1693.0,1704.0,1693.0,1694.0,14072.0,1694.0
1057,2020-02-25,1614.0,1650.0,1612.0,1638.0,122635.0,1638.0
1058,2020-02-26,1616.0,1627.0,1606.0,1627.0,127595.0,1627.0
1059,2020-02-27,1613.0,1613.0,1579.0,1587.0,217939.0,1587.0
1060,2020-02-28,1543.0,1549.0,1519.0,1532.0,297243.0,1532.0
1061,2020-03-02,1504.0,1561.0,1501.0,1546.0,475340.0,1546.0
1062,2020-03-03,1569.0,1570.0,1524.0,1524.0,184107.0,1524.0
1063,2020-03-04,1507.0,1532.0,1502.0,1520.0,330563.0,1520.0
1064,2020-03-05,1542.0,1543.0,1527.0,1533.0,109037.0,1533.0
1065,2020-03-06,1508.0,1511.0,1482.0,1490.0,105097.0,1490.0
1066,2020-03-09,1439.0,1445.0,1396.0,1405.0,405110.0,1405.0
1067,2020-03-10,1383.0,1432.0,1348.0,1422.0,1084711.0,1422.0
1068,2020-03-11,1415.0,1438.0,1400.0,1401.0,566373.0,1401.0
1069,2020-03-12,1371.0,1379.0,1329.0,1344.0,967709.0,1344.0
1070,2020-03-13,1254.0,1320.0,1215.0,1277.0,384561.0,1277.0
1071,2020-03-16,1280.0,1302.0,1244.0,1244.0,517943.0,1244.0
1072,2020-03-17,1229.0,1298.0,1215.0,1287.0,268952.0,1287.0
1073,2020-03-18,1293.0,1330.0,1284.0,1293.0,231747.0,1293.0
1074,2020-03-19,1318.0,1330.0,1289.0,1303.0,261209.0,1303.0
1075,2020-03-23,1295.0,1316.0,1278.0,1309.0,432299.0,1309.0
1076,2020-03-24,1339.0,1354.0,1325.0,1354.0,308314.0,1354.0
1077,2020-03-25,1408.0,1446.0,1400.0,1444.0,139901.0,1444.0
1078,2020-03-26,1417.0,1430.0,1397.0,1423.0,276824.0,1423.0
1079,2020-03-27,1467.0,1472.0,1435.0,1472.0,138058.0,1472.0
1080,2020-03-30,1444.0,1475.0,1426.0,1475.0,95965.0,1475.0
1081,2020-03-31,1471.0,1475.0,1432.0,1436.0,137525.0,1436.0
1082,2020-04-01,1421.0,1432.0,1372.0,1382.0,63580.0,1382.0
1083,2020-04-02,1370.0,1381.0,1359.0,1362.0,86443.0,1362.0
1084,2020-04-03,1365.0,1381.0,1347.0,1359.0,266613.0,1359.0
1085,2020-04-06,1361.0,1417.0,1359.0,1415.0,106818.0,1415.0
1086,2020-04-07,1443.0,1451.0,1409.0,1440.0,73571.0,1440.0
1087,2020-04-08,1444.0,1467.0,1428.0,1458.0,63673.0,1458.0
1088,2020-04-09,1459.0,1459.0,1434.0,1450.0,21296.0,1450.0
1089,2020-04-10,1458.0,1466.0,1433.0,1466.0,43471.0,1466.0
1090,2020-04-13,1452.0,1459.0,1438.0,1440.0,19726.0,1440.0
1091,2020-04-14,1446.0,1471.0,1440.0,1470.0,18499.0,1470.0
1092,2020-04-15,1465.0,1475.0,1458.0,1470.0,25138.0,1470.0
1093,2020-04-16,1451.0,1462.0,1442.0,1462.0,23472.0,1462.0
1094,2020-04-17,1477.0,1491.0,1466.0,1477.0,79739.0,1477.0
1095,2020-04-20,1465.0,1475.0,1465.0,1467.0,22540.0,1467.0
1096,2020-04-21,1454.0,1463.0,1445.0,1451.0,39223.0,1451.0
1097,2020-04-22,1439.0,1446.0,1426.0,1438.0,60499.0,1438.0
1098,2020-04-23,1448.0,1459.0,1445.0,1458.0,17266.0,1458.0
1099,2020-04-24,1455.0,1458.0,1445.0,1455.0,1275808.0,1455.0
1100,2020-04-27,1464.0,1484.0,1463.0,1482.0,18925.0,1482.0
1101,2020-04-28,1481.0,1485.0,1473.0,1482.0,747247.0,1482.0
1102,2020-04-30,1512.0,1517.0,1496.0,1496.0,232837.0,1496.0
1103,2020-05-01,1489.0,1489.0,1459.0,1468.0,229029.0,1468.0
1104,2020-05-07,1452.0,1461.0,1451.0,1460.0,29839.0,1460.0
1105,2020-05-08,1477.0,1497.0,1475.0,1493.0,1967911.0,1493.0
1106,2020-05-11,1508.0,1522.0,1505.0,1515.0,51558.0,1515.0
1107,2020-05-12,1518.0,1519.0,1511.0,1511.0,77100.0,1511.0
1108,2020-05-13,1497.0,1514.0,1495.0,1510.0,42427.0,1510.0
1109,2020-05-14,1503.0,1503.0,1481.0,1481.0,19088.0,1481.0
1110,2020-05-15,1496.0,1497.0,1475.0,1487.0,304892.0,1487.0
1111,2020-05-18,1494.0,1498.0,1486.0,1493.0,17528.0,1493.0
1112,2020-05-19,1528.0,1528.0,1517.0,1521.0,74327.0,1521.0
1113,2020-05-20,1520.0,1534.0,1519.0,1531.0,27384.0,1531.0
1114,2020-05-21,1537.0,1537.0,1524.0,1528.0,25750.0,1528.0
1115,2020-05-22,1531.0,1531.0,1509.0,1514.0,211810.0,1514.0
1116,2020-05-25,1533.0,1539.0,1528.0,1539.0,19459.0,1539.0
1117,2020-05-26,1552.0,1574.0,1550.0,1570.0,870794.0,1570.0
1118,2020-05-27,1573.0,1588.0,1565.0,1586.0,181191.0,1586.0
1119,2020-05-28,1601.0,1619.0,1593.0,1617.0,194800.0,1617.0
1120,2020-05-29,1608.0,1615.0,1597.0,1597.0,194630.0,1597.0
1121,2020-06-01,1603.0,1611.0,1599.0,1604.0,109200.0,1604.0
1122,2020-06-02,1612.0,1632.0,1611.0,1628.0,189417.0,1628.0
1123,2020-06-03,1649.0,1651.0,1626.0,1638.0,233335.0,1638.0
1124,2020-06-04,1654.0,1656.0,1629.0,1644.0,289542.0,1644.0
1125,2020-06-05,1640.0,1652.0,1634.0,1652.0,137412.0,1652.0
1126,2020-06-08,1669.0,1669.0,1658.0,1669.0,198250.0,1669.0
1127,2020-06-09,1671.0,1673.0,1657.0,1669.0,379278.0,1669.0
1128,2020-06-10,1657.0,1669.0,1656.0,1664.0,268434.0,1664.0
1129,2020-06-11,1645.0,1654.0,1626.0,1626.0,133601.0,1626.0
1130,2020-06-12,1592.0,1613.0,1579.0,1609.0,756654.0,1609.0
1131,2020-06-15,1599.0,1611.0,1567.0,1568.0,93400.0,1568.0
1132,2020-06-16,1605.0,1636.0,1600.0,1635.0,162346.0,1635.0
1133,2020-06-17,1632.0,1632.0,1618.0,1626.0,31842.0,1626.0
1134,2020-06-18,1620.0,1624.0,1604.0,1623.0,180071.0,1623.0
1135,2020-06-19,1630.0,1630.0,1613.0,1621.0,31826.0,1621.0
1136,2020-06-22,1616.0,1625.0,1611.0,1616.0,72371.0,1616.0
1137,2020-06-23,1627.0,1635.0,1606.0,1626.0,165382.0,1626.0
1138,2020-06-24,1622.0,1625.0,1615.0,1619.0,128937.0,1619.0
1139,2020-06-25,1605.0,1610.0,1594.0,1600.0,27322.0,1600.0
1140,2020-06-26,1611.0,1621.0,1608.0,1616.0,129146.0,1616.0
1141,2020-06-29,1599.0,1602.0,1588.0,1588.0,110024.0,1588.0
1142,2020-06-30,1614.0,1614.0,1595.0,1596.0,115930.0,1596.0
1143,2020-07-01,1602.0,1602.0,1573.0,1577.0,64762.0,1577.0
1144,2020-07-02,1584.0,1591.0,1575.0,1579.0,34782.0,1579.0
1145,2020-07-03,1589.0,1593.0,1579.0,1590.0,66427.0,1590.0
1146,2020-07-06,1594.0,1618.0,1594.0,1618.0,128823.0,1618.0
1147,2020-07-07,1617.0,1618.0,1606.0,1612.0,10308.0,1612.0
1148,2020-07-08,1607.0,1620.0,1596.0,1596.0,38115.0,1596.0
1149,2020-07-09,1597.0,1609.0,1590.0,1598.0,80258.0,1598.0
1150,2020-07-10,1597.0,1597.0,1576.0,1576.0,52349.0,1576.0
1151,2020-07-13,1602.0,1614.0,1595.0,1613.0,44285.0,1613.0
1152,2020-07-14,1605.0,1611.0,1598.0,1604.0,76933.0,1604.0
1153,2020-07-15,1618.0,1631.0,1618.0,1629.0,382340.0,1629.0
1154,2020-07-16,1632.0,1632.0,1617.0,1620.0,10608.0,1620.0
1155,2020-07-17,1623.0,1623.0,1610.0,1614.0,10215.0,1614.0
1156,2020-07-20,1620.0,1620.0,1606.0,1617.0,38732.0,1617.0
1157,2020-07-21,1621.0,1625.0,1617.0,1624.0,26968.0,1624.0
1158,2020-07-22,1620.0,1624.0,1612.0,1614.0,329046.0,1614.0
1159,2020-07-27,1597.0,1617.0,1591.0,1617.0,538853.0,1617.0
1160,2020-07-28,1619.0,1624.0,1608.0,1609.0,161005.0,1609.0
1161,2020-07-29,1602.0,1602.0,1587.0,1596.0,146989.0,1596.0
1162,2020-07-30,1597.0,1597.0,1577.0,1590.0,74364.0,1590.0
1163,2020-07-31,1576.0,1576.0,1539.0,1544.0,183362.0,1544.0
1164,2020-08-03,1559.0,1637.0,1546.0,1561.0,170529.0,1561.0
1165,2020-08-04,1579.0,1595.0,1579.0,1594.0,83316.0,1594.0
1166,2020-08-05,1589.0,1598.0,1579.0,1593.0,340060.0,1593.0
1167,2020-08-06,1574.0,1583.0,1569.0,1573.0,93728.0,1573.0
1168,2020-08-07,1574.0,1584.0,1564.0,1584.0,45519.0,1584.0
1169,2020-08-11,1585.0,1611.0,1585.0,1609.0,44415.0,1609.0
1170,2020-08-12,1616.0,1634.0,1612.0,1629.0,168157.0,1629.0
1171,2020-08-13,1645.0,1658.0,1638.0,1658.0,622502.0,1658.0
1172,2020-08-14,1654.0,1654.0,1645.0,1648.0,326963.0,1648.0
1173,2020-08-17,1645.0,1649.0,1634.0,1634.0,987604.0,1634.0
1174,2020-08-18,1633.0,1637.0,1625.0,1636.0,10276.0,1636.0
1175,2020-08-19,1631.0,1642.0,1629.0,1638.0,6242.0,1638.0
1176,2020-08-20,1631.0,1636.0,1622.0,1622.0,531831.0,1622.0
1177,2020-08-21,1633.0,1641.0,1627.0,1629.0,324176.0,1629.0
1178,2020-08-24,1627.0,1632.0,1624.0,1631.0,461639.0,1631.0
1179,2020-08-25,1651.0,1659.0,1649.0,1651.0,265568.0,1651.0
1180,2020-08-26,1644.0,1649.0,1642.0,1648.0,19845.0,1648.0
1181,2020-08-27,1648.0,1650.0,1639.0,1640.0,39257.0,1640.0
1182,2020-08-28,1646.0,1662.0,1615.0,1628.0,657487.0,1628.0
1183,2020-08-31,1648.0,1661.0,1639.0,1642.0,69396.0,1642.0
1184,2020-09-01,1639.0,1643.0,1632.0,1641.0,30380.0,1641.0
1185,2020-09-02,1646.0,1649.0,1641.0,1649.0,49503.0,1649.0
1186,2020-09-03,1666.0,1667.0,1653.0,1654.0,49181.0,1654.0
1187,2020-09-04,1632.0,1645.0,1632.0,1640.0,50839.0,1640.0
1188,2020-09-07,1635.0,1645.0,1633.0,1634.0,55523.0,1634.0
1189,2020-09-08,1641.0,1646.0,1635.0,1645.0,28718.0,1645.0
1190,2020-09-09,1623.0,1633.0,1618.0,1632.0,396062.0,1632.0
1191,2020-09-10,1642.0,1651.0,1639.0,1649.0,49860.0,1649.0
1192,2020-09-11,1649.0,1662.0,1646.0,1660.0,876333.0,1660.0
1193,2020-09-14,1671.0,1679.0,1669.0,1677.0,702910.0,1677.0
1194,2020-09-15,1670.0,1671.0,1660.0,1667.0,58321.0,1667.0
1195,2020-09-16,1666.0,1674.0,1663.0,1672.0,65134.0,1672.0
1196,2020-09-17,1667.0,1671.0,1660.0,1663.0,30124.0,1663.0
1197,2020-09-18,1667.0,1673.0,1665.0,1673.0,392522.0,1673.0
1198,2020-09-23,1666.0,1672.0,1657.0,1668.0,43860.0,1668.0
1199,2020-09-24,1660.0,1661.0,1650.0,1651.0,59119.0,1651.0
1200,2020-09-25,1661.0,1663.0,1654.0,1659.0,3440.0,1659.0
1201,2020-09-28,1672.0,1687.0,1666.0,1687.0,79477.0,1687.0
1202,2020-09-29,1691.0,1709.0,1685.0,1699.0,467710.0,1699.0
1203,2020-09-30,1693.0,1696.0,1660.0,1660.0,244130.0,1660.0
1204,2020-10-02,1675.0,1678.0,1641.0,1648.0,776402.0,1648.0
1205,2020-10-05,1668.0,1682.0,1668.0,1674.0,61907.0,1674.0
1206,2020-10-06,1684.0,1687.0,1677.0,1685.0,16657.0,1685.0
1207,2020-10-07,1677.0,1688.0,1674.0,1687.0,22059.0,1687.0
1208,2020-10-08,1691.0,1701.0,1686.0,1695.0,84958.0,1695.0
1209,2020-10-09,1699.0,1699.0,1682.0,1684.0,39956.0,1684.0
1210,2020-10-12,1686.0,1686.0,1677.0,1681.0,7577.0,1681.0
1211,2020-10-13,1690.0,1690.0,1678.0,1687.0,99911.0,1687.0
1212,2020-10-14,1682.0,1685.0,1677.0,1681.0,13148.0,1681.0
1213,2020-10-15,1678.0,1681.0,1667.0,1670.0,94923.0,1670.0
1214,2020-10-16,1667.0,1667.0,1654.0,1657.0,21958.0,1657.0
1215,2020-10-19,1665.0,1680.0,1665.0,1677.0,57485.0,1677.0
1216,2020-10-20,1672.0,1675.0,1661.0,1665.0,61298.0,1665.0
1217,2020-10-21,1672.0,1684.0,1672.0,1678.0,14543.0,1678.0
1218,2020-10-22,1665.0,1667.0,1656.0,1659.0,33885.0,1659.0
1219,2020-10-23,1662.0,1666.0,1653.0,1664.0,75110.0,1664.0
1220,2020-10-26,1663.0,1667.0,1655.0,1657.0,6231.0,1657.0
1221,2020-10-27,1648.0,1656.0,1634.0,1655.0,26736.0,1655.0
1222,2020-10-28,1645.0,1654.0,1640.0,1650.0,75289.0,1650.0
1223,2020-10-29,1635.0,1654.0,1634.0,1650.0,15614.0,1650.0
1224,2020-10-30,1642.0,1642.0,1614.0,1619.0,73852.0,1619.0
1225,2020-11-02,1631.0,1656.0,1631.0,1645.0,64494.0,1645.0
1226,2020-11-04,1668.0,1676.0,1656.0,1669.0,680864.0,1669.0
1227,2020-11-05,1674.0,1694.0,1669.0,1688.0,96486.0,1688.0
1228,2020-11-06,1692.0,1703.0,1687.0,1697.0,209977.0,1697.0
1229,2020-11-09,1714.0,1728.0,1710.0,1724.0,255811.0,1724.0
1230,2020-11-10,1757.0,1763.0,1735.0,1743.0,280158.0,1743.0
1231,2020-11-11,1764.0,1772.0,1759.0,1769.0,283049.0,1769.0
1232,2020-11-12,1770.0,1777.0,1755.0,1769.0,192837.0,1769.0
1233,2020-11-13,1756.0,1759.0,1733.0,1745.0,95593.0,1745.0
1234,2020-11-16,1763.0,1779.0,1759.0,1774.0,290491.0,1774.0
1235,2020-11-17,1784.0,1785.0,1765.0,1777.0,275651.0,1777.0
1236,2020-11-18,1768.0,1769.0,1757.0,1760.0,45644.0,1760.0
1237,2020-11-19,1757.0,1768.0,1751.0,1767.0,20408.0,1767.0
1238,2020-11-20,1761.0,1768.0,1758.0,1767.0,54445.0,1767.0
1239,2020-11-24,1803.0,1813.0,1801.0,1805.0,46300.0,1805.0
1240,2020-11-25,1825.0,1833.0,1807.0,1809.0,29679.0,1809.0
1241,2020-11-26,1804.0,1822.0,1801.0,1821.0,24607.0,1821.0
1242,2020-11-27,1826.0,1836.0,1818.0,1831.0,268911.0,1831.0
1243,2020-11-30,1832.0,1834.0,1793.0,1793.0,433448.0,1793.0
1244,2020-12-01,1804.0,1815.0,1803.0,1812.0,179564.0,1812.0
1245,2020-12-02,1822.0,1823.0,1811.0,1813.0,31894.0,1813.0
1246,2020-12-03,1818.0,1826.0,1811.0,1819.0,81068.0,1819.0
1247,2020-12-04,1813.0,1820.0,1811.0,1818.0,18564.0,1818.0
1248,2020-12-07,1829.0,1829.0,1801.0,1801.0,131137.0,1801.0
1249,2020-12-08,1796.0,1805.0,1793.0,1799.0,257354.0,1799.0
1250,2020-12-09,1802.0,1823.0,1802.0,1823.0,520782.0,1823.0
1251,2020-12-10,1817.0,1823.0,1814.0,1818.0,38640.0,1818.0
1252,2020-12-11,1823.0,1828.0,1814.0,1823.0,624510.0,1823.0
1253,2020-12-14,1830.0,1849.0,1830.0,1834.0,217988.0,1834.0
1254,2020-12-15,1830.0,1833.0,1821.0,1824.0,141597.0,1824.0
1255,2020-12-16,1835.0,1840.0,1827.0,1828.0,126838.0,1828.0
1256,2020-12-17,1831.0,1837.0,1823.0,1836.0,27867.0,1836.0
1257,2020-12-18,1835.0,1840.0,1830.0,1839.0,36542.0,1839.0
1258,2020-12-21,1841.0,1848.0,1821.0,1832.0,141801.0,1832.0
1259,2020-12-22,1818.0,1819.0,1797.0,1802.0,51914.0,1802.0
1260,2020-12-24,1816.0,1826.0,1813.0,1815.0,105349.0,1815.0
1261,2020-12-25,1819.0,1823.0,1817.0,1820.0,24845.0,1820.0
1262,2020-12-28,1826.0,1830.0,1821.0,1830.0,221604.0,1830.0
1263,2020-12-30,1854.0,1860.0,1844.0,1852.0,157567.0,1852.0
1264,2021-01-04,1857.0,1857.0,1820.0,1840.0,219652.0,1840.0
1265,2021-01-04,1857.0,1857.0,1820.0,1840.0,219652.0,1840.0
1266,2021-01-04,1857.0,1857.0,1820.0,1840.0,219652.0,1840.0
1267,2021-01-04,1857.0,1857.0,1820.0,1840.0,219652.0,1840.0
1268,2021-01-04,1857.0,1857.0,1820.0,1840.0,219652.0,1840.0
1269,2021-01-04,1857.0,1857.0,1820.0,1840.0,219652.0,1840.0
1270,2021-01-05,1835.0,1842.0,1830.0,1836.0,30376.0,1836.0
1271,2021-01-06,1837.0,1848.0,1835.0,1842.0,24676.0,1842.0
1272,2021-01-07,1867.0,1883.0,1867.0,1871.0,853704.0,1871.0
1273,2021-01-08,1880.0,1902.0,1875.0,1900.0,98582.0,1900.0
1274,2021-01-12,1899.0,1907.0,1888.0,1905.0,128013.0,1905.0
1275,2021-01-14,1907.0,1933.0,1905.0,1917.0,119053.0,1917.0
1276,2021-01-18,1891.0,1899.0,1886.0,1892.0,26570.0,1892.0
1277,2021-01-19,1898.0,1908.0,1895.0,1903.0,94078.0,1903.0
1278,2021-01-20,1906.0,1906.0,1887.0,1895.0,202284.0,1895.0
1279,2021-01-21,1906.0,1918.0,1903.0,1906.0,27287.0,1906.0
1280,2021-01-22,1893.0,1906.0,1893.0,1902.0,108144.0,1902.0
1281,2021-01-25,1909.0,1910.0,1901.0,1909.0,18005.0,1909.0
1282,2021-01-26,1900.0,1905.0,1893.0,1896.0,57454.0,1896.0
1283,2021-01-27,1907.0,1910.0,1898.0,1907.0,72497.0,1907.0
1284,2021-01-28,1867.0,1893.0,1863.0,1883.0,178214.0,1883.0
1285,2021-01-29,1892.0,1892.0,1848.0,1848.0,444045.0,1848.0
1286,2021-02-01,1850.0,1878.0,1848.0,1875.0,379209.0,1875.0
1287,2021-02-02,1885.0,1894.0,1877.0,1891.0,38335.0,1891.0
1288,2021-02-03,1904.0,1917.0,1904.0,1917.0,43314.0,1917.0
1289,2021-02-12,1973.0,1975.0,1962.0,1966.0,349094.0,1966.0
