,date,return
0,2015-10-20,
1,2015-10-21,0.017964071856287425
2,2015-10-22,0.0029411764705882353
3,2015-10-23,0.017595307917888565
4,2015-10-26,0.008645533141210375
5,2015-10-27,-0.002285714285714286
6,2015-10-28,-0.013172966781214204
7,2015-10-29,0.012768427161926872
8,2015-10-30,0.008595988538681949
9,2015-11-02,0.0
10,2015-11-04,-0.011931818181818182
11,2015-11-05,0.0011500862564692352
12,2015-11-06,0.013785180930499713
13,2015-11-09,-0.006798866855524079
14,2015-11-10,0.009697661152310326
15,2015-11-11,0.001694915254237288
16,2015-11-12,0.0011280315848843769
17,2015-11-13,-0.0022535211267605635
18,2015-11-16,-0.001129305477131564
19,2015-11-17,0.0005652911249293386
20,2015-11-18,0.002824858757062147
21,2015-11-19,-0.0022535211267605635
22,2015-11-20,0.014680971202710334
23,2015-11-24,0.0
24,2015-11-25,-0.0027824151363383415
25,2015-11-26,0.004464285714285714
26,2015-11-27,-0.006111111111111111
27,2015-11-30,-0.010061486864169928
28,2015-12-01,-0.010163749294184076
29,2015-12-02,0.00912721049629207
30,2015-12-03,0.005087620124364048
31,2015-12-04,-0.009561304836895388
32,2015-12-07,0.010789324247586598
33,2015-12-08,-0.007303370786516854
34,2015-12-09,-0.00792303338992643
35,2015-12-10,-0.01540216771249287
36,2015-12-11,0.002317497103128621
37,2015-12-14,0.0017341040462427746
38,2015-12-15,-0.013271783035199077
39,2015-12-16,0.008187134502923977
40,2015-12-17,0.017981438515081206
41,2015-12-18,-0.002279202279202279
42,2015-12-21,-0.011422044545973729
43,2015-12-22,0.01097631426920855
44,2015-12-24,0.005714285714285714
45,2015-12-25,0.013068181818181817
46,2015-12-28,-0.0269209197980931
47,2015-12-29,0.008069164265129682
48,2015-12-30,0.006289308176100629
49,2016-01-04,-0.022727272727272728
50,2016-01-05,0.0005813953488372093
51,2016-01-06,-0.006391632771644393
52,2016-01-07,-0.008771929824561403
53,2016-01-08,-0.010029498525073746
54,2016-01-12,-0.027413587604290822
55,2016-01-13,0.0196078431372549
56,2016-01-14,-0.022235576923076924
57,2016-01-15,0.003073140749846343
58,2016-01-18,-0.0006127450980392157
59,2016-01-19,-0.002452483139178418
60,2016-01-20,-0.03318992009834051
61,2016-01-21,-0.02670057215511761
62,2016-01-22,0.033964728935336384
63,2016-01-25,0.018951358180669616
64,2016-01-26,-0.0049597024178549285
65,2016-01-27,0.006230529595015576
66,2016-01-28,0.009907120743034056
67,2016-01-29,0.03862660944206009
68,2016-02-01,0.014167650531286895
69,2016-02-02,0.002910360884749709
70,2016-02-03,-0.017991874637260593
71,2016-02-04,-0.015366430260047281
72,2016-02-05,-0.019807923169267706
73,2016-02-08,0.019595835884874464
74,2016-02-09,-0.04384384384384384
75,2016-02-10,-0.035175879396984924
76,2016-02-12,-0.044270833333333336
77,2016-02-15,0.07629427792915532
78,2016-02-16,-0.010759493670886076
79,2016-02-17,-0.02431222008957134
80,2016-02-18,0.01639344262295082
81,2016-02-19,0.004516129032258065
82,2016-02-22,-0.00449582530507386
83,2016-02-23,-0.0006451612903225806
84,2016-02-24,-0.007746933505487412
85,2016-02-25,0.02147039687703318
86,2016-02-26,0.012738853503184714
87,2016-02-29,-0.006289308176100629
88,2016-03-01,-0.00949367088607595
89,2016-03-02,0.019169329073482427
90,2016-03-03,0.007523510971786834
91,2016-03-04,0.01120099564405725
92,2016-03-07,0.0024615384615384616
93,2016-03-08,-0.00798035604665439
94,2016-03-09,-0.01051980198019802
95,2016-03-10,-0.008755472170106316
96,2016-03-11,0.03028391167192429
97,2016-03-14,-0.001837109614206981
98,2016-03-15,-0.017791411042944787
99,2016-03-16,0.0037476577139287947
100,2016-03-17,0.001866832607342875
101,2016-03-18,-0.007453416149068323
102,2016-03-22,0.015644555694618274
103,2016-03-23,-0.009858287122612447
104,2016-03-24,-0.0006222775357809583
105,2016-03-25,0.007471980074719801
106,2016-03-28,0.0006180469715698393
107,2016-03-29,0.010500308832612723
108,2016-03-30,0.007334963325183374
109,2016-03-31,-0.007281553398058253
110,2016-04-01,-0.029951100244498777
111,2016-04-04,-0.004410838059231254
112,2016-04-05,-0.013291139240506329
113,2016-04-06,-0.012187299550994226
114,2016-04-07,0.0006493506493506494
115,2016-04-08,0.004542504866969501
116,2016-04-11,0.0006459948320413437
117,2016-04-12,0.0006455777921239509
118,2016-04-13,0.011612903225806452
119,2016-04-14,0.02040816326530612
120,2016-04-15,-0.00875
121,2016-04-18,-0.0018915510718789407
122,2016-04-19,0.009475679090334808
123,2016-04-20,0.009386733416770964
124,2016-04-21,0.018598884066955982
125,2016-04-22,0.0036518563603164943
126,2016-04-25,-0.010309278350515464
127,2016-04-26,-0.0006127450980392157
128,2016-04-27,0.009196811771919068
129,2016-04-28,-0.04556500607533415
130,2016-05-02,-0.012730744748567792
131,2016-05-06,0.0070921985815602835
132,2016-05-09,0.0
133,2016-05-10,0.024327784891165175
134,2016-05-11,-0.000625
135,2016-05-12,0.004377736085053158
136,2016-05-13,-0.0018679950186799503
137,2016-05-16,-0.0012476606363069245
138,2016-05-17,0.005621486570893191
139,2016-05-18,-0.0006211180124223603
140,2016-05-19,-0.0018645121193287756
141,2016-05-20,-0.0006226650062266501
142,2016-05-23,-0.001869158878504673
143,2016-05-24,-0.0024968789013732834
144,2016-05-25,-0.0006257822277847309
145,2016-05-26,0.015654351909830933
146,2016-05-27,-0.011097410604192354
147,2016-05-30,-0.0006234413965087282
148,2016-05-31,0.0056144728633811605
149,2016-06-01,0.0
150,2016-06-02,-0.01054590570719603
151,2016-06-03,-0.016927899686520375
152,2016-06-06,0.019770408163265307
153,2016-06-07,
154,2016-06-08,
155,2016-06-09,-0.013043478260869565
156,2016-06-10,-0.005663939584644431
157,2016-06-13,-0.012658227848101266
158,2016-06-14,-0.01730769230769231
159,2016-06-15,-0.006523157208088715
160,2016-06-16,-0.01969796454366382
161,2016-06-17,0.0
162,2016-06-20,0.01808439383791025
163,2016-06-21,0.0013157894736842105
164,2016-06-22,0.006570302233902759
165,2016-06-23,0.0019582245430809398
166,2016-06-24,-0.06058631921824104
167,2016-06-27,0.030513176144244106
168,2016-06-28,0.014804845222072678
169,2016-06-29,0.004641909814323607
170,2016-06-30,0.007260726072607261
171,2016-07-01,0.000655307994757536
172,2016-07-04,0.0032743942370661427
173,2016-07-05,0.0006527415143603133
174,2016-07-06,-0.014350945857795172
175,2016-07-07,-0.009927200529450696
176,2016-07-08,0.0
177,2016-07-11,0.02606951871657754
178,2016-07-12,0.013680781758957655
179,2016-07-13,0.006426735218508998
180,2016-07-14,0.002554278416347382
181,2016-07-15,-0.008280254777070064
182,2016-07-19,0.01605651894669236
183,2016-07-20,0.0037926675094816687
184,2016-07-21,0.0
185,2016-07-22,-0.007556675062972292
186,2016-07-25,-0.0006345177664974619
187,2016-07-26,-0.0031746031746031746
188,2016-07-27,0.0
189,2016-07-28,-0.012101910828025478
190,2016-07-29,0.003223726627981947
191,2016-08-01,0.007069408740359897
192,2016-08-02,-0.01021059349074665
193,2016-08-03,-0.020631850419084462
194,2016-08-04,-0.0006583278472679394
195,2016-08-05,-0.009881422924901186
196,2016-08-08,0.001996007984031936
197,2016-08-09,0.00199203187250996
198,2016-08-10,0.007952286282306162
199,2016-08-12,0.0190664036817883
200,2016-08-15,-0.031612903225806455
201,2016-08-16,-0.0013324450366422385
202,2016-08-17,0.008005336891260841
203,2016-08-18,-0.01654533421575116
204,2016-08-19,-0.004710632570659489
205,2016-08-22,0.0067613252197430695
206,2016-08-23,-0.006044325050369375
207,2016-08-24,0.0222972972972973
208,2016-08-25,-0.003304692663582287
209,2016-08-26,-0.009283819628647215
210,2016-08-29,0.006693440428380187
211,2016-08-30,-0.018617021276595744
212,2016-08-31,0.025067750677506776
213,2016-09-01,0.0039656311962987445
214,2016-09-02,0.0065832784726793945
215,2016-09-05,0.004578155657292348
216,2016-09-06,0.005208333333333333
217,2016-09-07,0.0006476683937823834
218,2016-09-08,-0.003236245954692557
219,2016-09-09,-0.0012987012987012987
220,2016-09-12,-0.011703511053315995
221,2016-09-13,0.003289473684210526
222,2016-09-14,-0.010491803278688525
223,2016-09-15,-0.0066269052352551355
224,2016-09-16,0.019346230820547032
225,2016-09-20,-0.01112565445026178
226,2016-09-21,0.02514890800794176
227,2016-09-23,0.0
228,2016-09-26,-0.0012911555842479018
229,2016-09-27,0.0006464124111182935
230,2016-09-28,0.001937984496124031
231,2016-09-29,-0.004513217279174726
232,2016-09-30,-0.007124352331606218
233,2016-10-03,-0.0019569471624266144
234,2016-10-04,0.00784313725490196
235,2016-10-05,0.0012970168612191958
236,2016-10-06,0.0019430051813471502
237,2016-10-07,-0.005171299288946348
238,2016-10-11,0.005847953216374269
239,2016-10-12,-0.005813953488372093
240,2016-10-13,-0.003898635477582846
241,2016-10-17,0.0032615786040443573
242,2016-10-19,0.003250975292587776
243,2016-10-20,0.005832793259883344
244,2016-10-21,0.0032216494845360823
245,2016-10-24,-0.0012845215157353885
246,2016-10-25,0.00707395498392283
247,2016-10-26,0.004469987228607918
248,2016-10-27,-0.0019071837253655435
249,2016-10-28,0.0031847133757961785
250,2016-10-31,0.0012698412698412698
251,2016-11-01,0.0019023462270133164
252,2016-11-02,-0.010759493670886076
253,2016-11-04,-0.01471529110684581
254,2016-11-07,0.007792207792207792
255,2016-11-08,-0.0006443298969072165
256,2016-11-09,-0.04577691811734365
257,2016-11-10,0.0472972972972973
258,2016-11-11,0.0032258064516129032
259,2016-11-14,0.0077170418006430866
260,2016-11-15,-0.0012763241863433313
261,2016-11-16,0.017891373801916934
262,2016-11-17,0.004394224733207784
263,2016-11-18,0.004375
264,2016-11-21,0.0043559427504667085
265,2016-11-22,0.004956629491945477
266,2016-11-24,0.005548705302096177
267,2016-11-25,0.004291845493562232
268,2016-11-28,0.004884004884004884
269,2016-11-29,0.002430133657351154
270,2016-11-30,0.0024242424242424242
271,2016-12-01,0.004232164449818622
272,2016-12-02,-0.006020469596628537
273,2016-12-05,-0.009691096305269533
274,2016-12-06,-0.0061162079510703364
275,2016-12-07,0.004923076923076923
276,2016-12-08,0.007960808328230252
277,2016-12-09,0.011543134872417983
278,2016-12-12,0.010810810810810811
279,2016-12-13,0.0213903743315508
280,2016-12-14,-0.002326934264107039
281,2016-12-15,0.0029154518950437317
282,2016-12-16,0.0005813953488372093
283,2016-12-19,-0.0005810575246949448
284,2016-12-20,0.007558139534883721
285,2016-12-21,-0.0075014425851125215
286,2016-12-22,-0.0029069767441860465
287,2016-12-26,0.010495626822157435
288,2016-12-27,-0.0017311021350259665
289,2016-12-28,-0.002890173410404624
290,2016-12-29,-0.01565217391304348
291,2016-12-30,0.001177856301531213
292,2017-01-04,0.020588235294117647
293,2017-01-05,0.007492795389048991
294,2017-01-06,-0.004576659038901602
295,2017-01-10,0.004022988505747126
296,2017-01-11,-0.01316542644533486
297,2017-01-12,-0.004640371229698376
298,2017-01-13,0.002331002331002331
299,2017-01-16,0.005813953488372093
300,2017-01-17,-0.01907514450867052
301,2017-01-18,-0.007071302298173247
302,2017-01-19,0.013056379821958458
303,2017-01-20,0.0017574692442882249
304,2017-01-23,-0.005847953216374269
305,2017-01-24,-0.0058823529411764705
306,2017-01-25,-0.0029585798816568047
307,2017-01-26,0.010089020771513354
308,2017-01-27,0.013513513513513514
309,2017-01-30,-0.0052173913043478265
310,2017-01-31,-0.014568764568764568
311,2017-02-01,0.005322294500295683
312,2017-02-02,-0.01411764705882353
313,2017-02-03,0.010739856801909307
314,2017-02-06,-0.008264462809917356
315,2017-02-07,-0.007738095238095238
316,2017-02-08,-0.00599880023995201
317,2017-02-09,-0.004828002414001207
318,2017-02-10,0.015767131594906003
319,2017-02-13,0.00955223880597015
320,2017-02-14,-0.0035481963335304554
321,2017-02-15,-0.008902077151335312
322,2017-02-16,0.004191616766467066
323,2017-02-17,-0.010137149672033392
324,2017-02-20,-0.0018072289156626507
325,2017-02-21,0.012070006035003017
326,2017-02-22,-0.0041741204531902205
327,2017-02-23,0.0005988023952095808
328,2017-02-24,0.003590664272890485
329,2017-02-27,-0.0041741204531902205
330,2017-02-28,0.005988023952095809
331,2017-03-01,-0.0011904761904761906
332,2017-03-02,0.009535160905840286
333,2017-03-03,-0.007674144037780401
334,2017-03-06,0.004164187983343248
335,2017-03-07,-0.002369668246445498
336,2017-03-08,0.004750593824228029
337,2017-03-09,-0.004137115839243499
338,2017-03-10,0.006528189910979229
339,2017-03-13,0.008254716981132075
340,2017-03-14,-0.0017543859649122807
341,2017-03-15,-0.0011716461628588166
342,2017-03-16,0.002932551319648094
343,2017-03-17,-0.004093567251461989
344,2017-03-21,-0.005871990604815032
345,2017-03-22,-0.011222681630242174
346,2017-03-23,0.002986857825567503
347,2017-03-24,0.005360333531864205
348,2017-03-27,-0.0071090047393364926
349,2017-03-28,0.008353221957040573
350,2017-03-29,0.014792899408284023
351,2017-03-30,-0.009912536443148687
352,2017-03-31,-0.0035335689045936395
353,2017-04-03,-0.0076832151300236405
354,2017-04-04,0.0029779630732578916
355,2017-04-05,
356,2017-04-06,
357,2017-04-07,0.0066344993968636915
358,2017-04-10,0.004793289394847214
359,2017-04-11,0.0029815146094215863
360,2017-04-12,-0.009512485136741973
361,2017-04-13,-0.007202881152460984
362,2017-04-14,-0.010278113663845224
363,2017-04-17,0.00794135613927917
364,2017-04-18,0.010303030303030303
365,2017-04-19,-0.004799040191961607
366,2017-04-20,-0.0012055455093429777
367,2017-04-21,0.0018105009052504525
368,2017-04-24,0.015060240963855422
369,2017-04-25,-0.0011869436201780415
370,2017-04-26,0.008912655971479501
371,2017-04-27,0.0
372,2017-04-28,-0.0035335689045936395
373,2017-05-01,0.004137115839243499
374,2017-05-02,0.003531489111241907
375,2017-05-08,0.016422287390029325
376,2017-05-09,0.001154068090017311
377,2017-05-10,0.009221902017291067
378,2017-05-11,0.001142204454597373
379,2017-05-12,0.0005704506560182544
380,2017-05-15,0.002280501710376283
381,2017-05-16,0.0011376564277588168
382,2017-05-17,0.0
383,2017-05-18,0.0
384,2017-05-19,-0.008522727272727272
385,2017-05-22,0.0017191977077363897
386,2017-05-23,0.0
387,2017-05-24,0.004576659038901602
388,2017-05-25,0.01082004555808656
389,2017-05-26,-0.0050704225352112674
390,2017-05-29,0.0022650056625141564
391,2017-05-30,-0.011299435028248588
392,2017-05-31,0.006285714285714286
393,2017-06-01,-0.0017035775127768314
394,2017-06-02,0.022753128555176336
395,2017-06-05,-0.004449388209121246
396,2017-06-06,-0.0005586592178770949
397,2017-06-07,-0.002794857462269424
398,2017-06-08,0.007847533632286996
399,2017-06-09,-0.0027808676307007787
400,2017-06-12,0.0005577244841048522
401,2017-06-13,-0.0005574136008918618
402,2017-06-14,0.0039040713887339654
403,2017-06-15,-0.010555555555555556
404,2017-06-16,0.0050533408197641775
405,2017-06-19,0.0033519553072625698
406,2017-06-20,0.013363028953229399
407,2017-06-21,0.0
408,2017-06-22,
409,2017-06-23,
410,2017-06-26,-0.010439560439560439
411,2017-06-27,-0.00832870627429206
412,2017-06-28,0.008958566629339306
413,2017-06-29,0.010543840177580466
414,2017-06-30,-0.004393190554640308
415,2017-07-03,0.003861003861003861
416,2017-07-04,-0.015384615384615385
417,2017-07-05,0.010602678571428572
418,2017-07-06,0.0016565433462175593
419,2017-07-07,
420,2017-07-10,
421,2017-07-11,
422,2017-07-12,
423,2017-07-13,0.017357222844344905
424,2017-07-14,-0.000550357732526142
425,2017-07-18,-0.011013215859030838
426,2017-07-19,0.009465478841870824
427,2017-07-20,-0.007170435741864313
428,2017-07-21,-0.010555555555555556
429,2017-07-24,0.0022459292532285235
430,2017-07-25,-0.007282913165266107
431,2017-07-26,-0.006207674943566591
432,2017-07-27,0.005110732538330494
433,2017-07-28,0.0
434,2017-07-31,-0.0005649717514124294
435,2017-08-01,0.013001695873374788
436,2017-08-02,0.010044642857142858
437,2017-08-03,-0.0011049723756906078
438,2017-08-04,-0.00331858407079646
439,2017-08-07,-0.006104328523862375
440,2017-08-08,
441,2017-08-09,
442,2017-08-10,0.0
443,2017-08-14,-0.004519774011299435
444,2017-08-15,
445,2017-08-16,
446,2017-08-17,0.0033802816901408453
447,2017-08-18,-0.010668163952835485
448,2017-08-21,0.004540295119182747
449,2017-08-22,-0.006779661016949152
450,2017-08-23,0.0011376564277588168
451,2017-08-24,-0.004545454545454545
452,2017-08-25,-0.003995433789954338
453,2017-08-28,0.002292263610315186
454,2017-08-29,0.011435105774728416
455,2017-08-30,0.0033917467495760316
456,2017-08-31,-0.007323943661971831
457,2017-09-01,0.00340522133938706
458,2017-09-04,-0.004524886877828055
459,2017-09-05,-0.005113636363636364
460,2017-09-06,-0.0005711022272986865
461,2017-09-07,0.0
462,2017-09-08,0.009142857142857144
463,2017-09-11,0.0011325028312570782
464,2017-09-12,0.0016968325791855204
465,2017-09-13,0.0033879164313946925
466,2017-09-14,0.009566685424873381
467,2017-09-15,0.0005574136008918618
468,2017-09-19,0.002785515320334262
469,2017-09-20,0.0005555555555555556
470,2017-09-21,-0.003331482509716824
471,2017-09-22,-0.006685236768802228
472,2017-09-25,0.0179472798653954
473,2017-09-26,-0.008264462809917356
474,2017-09-27,0.01
475,2017-09-28,-0.006600660066006601
476,2017-09-29,0.0016611295681063123
477,2017-10-02,-0.003316749585406302
478,2017-10-03,0.008319467554076539
479,2017-10-04,-0.0038503850385038503
480,2017-10-05,0.014908890115958034
481,2017-10-06,-0.000544069640914037
482,2017-10-10,-0.0005443658138268917
483,2017-10-11,0.008169934640522876
484,2017-10-12,-0.004321988114532685
485,2017-10-13,0.016277807921866522
486,2017-10-16,0.0037373198077949813
487,2017-10-17,-0.0005319148936170213
488,2017-10-18,-0.012240553485896753
489,2017-10-19,0.009159482758620689
490,2017-10-20,0.009076348104644954
491,2017-10-23,0.0
492,2017-10-24,-0.0005291005291005291
493,2017-10-25,0.006881948120698782
494,2017-10-26,-0.011041009463722398
495,2017-10-27,0.011695906432748537
496,2017-10-30,-0.004729374671571204
497,2017-10-31,-0.006863780359028511
498,2017-11-01,0.01648059542796385
499,2017-11-02,0.0036610878661087866
500,2017-11-06,-0.0005211047420531526
501,2017-11-07,0.005213764337851929
502,2017-11-08,0.0
503,2017-11-09,0.001037344398340249
504,2017-11-10,-0.005699481865284974
505,2017-11-13,0.0036477331943720686
506,2017-11-15,-0.027518172377985463
507,2017-11-16,0.020822210357714897
508,2017-11-17,-0.007845188284518828
509,2017-11-20,-0.0005271481286241434
510,2017-11-21,0.0010548523206751054
511,2017-11-22,-0.0026343519494204425
512,2017-11-24,0.001584786053882726
513,2017-11-27,-0.0005274261603375527
514,2017-11-28,0.0
515,2017-11-29,0.010026385224274407
516,2017-11-30,0.002612330198537095
517,2017-12-01,0.0026055237102657635
518,2017-12-04,0.010914760914760915
519,2017-12-05,-0.006683804627249357
520,2017-12-06,-0.010869565217391304
521,2017-12-07,0.015175300889586603
522,2017-12-08,0.01288659793814433
523,2017-12-11,0.002035623409669211
524,2017-12-12,0.0
525,2017-12-13,-0.006094464195022855
526,2017-12-14,0.0061318344404701075
527,2017-12-15,-0.009649568308786187
528,2017-12-18,0.0056410256410256415
529,2017-12-19,-0.0025497195308516064
530,2017-12-20,0.0066462167689161555
531,2017-12-21,-0.009141696292534281
532,2017-12-22,0.0
533,2017-12-25,0.0030753459764223477
534,2017-12-26,0.002043944813490036
535,2017-12-27,-0.0030596634370219276
536,2017-12-28,-0.006649616368286445
537,2017-12-29,0.0
538,2018-01-04,0.0010298661174047373
539,2018-01-05,0.01594650205761317
540,2018-01-09,0.0010126582278481013
541,2018-01-10,0.006069802731411229
542,2018-01-11,-0.002011060834590246
543,2018-01-12,-0.006045340050377834
544,2018-01-15,0.0035478966041561076
545,2018-01-16,0.00404040404040404
546,2018-01-17,-0.004527162977867203
547,2018-01-18,-0.0025265285497726125
548,2018-01-19,0.005065856129685917
549,2018-01-22,-0.0025201612903225806
550,2018-01-23,0.00202122283981809
551,2018-01-24,0.0035300050428643467
552,2018-01-25,-0.002512562814070352
553,2018-01-26,-0.0005037783375314861
554,2018-01-29,-0.0015120967741935483
555,2018-01-30,-0.009591115598182737
556,2018-01-31,-0.011213047910295617
557,2018-02-01,0.013402061855670102
558,2018-02-02,0.003051881993896236
559,2018-02-05,-0.018762677484787018
560,2018-02-06,-0.04082687338501292
561,2018-02-07,0.004310344827586207
562,2018-02-08,0.0
563,2018-02-09,-0.014484978540772532
564,2018-02-13,-0.007621121393576484
565,2018-02-14,-0.004936917169500823
566,2018-02-15,0.006615214994487321
567,2018-02-16,0.01533406352683461
568,2018-02-19,0.021035598705501618
569,2018-02-20,-0.008452192287374538
570,2018-02-21,-0.005860415556739478
571,2018-02-22,-0.0053590568060021436
572,2018-02-23,0.0026939655172413795
573,2018-02-26,0.009134873723804407
574,2018-02-27,0.005857294994675187
575,2018-02-28,0.0026469031233456856
576,2018-03-01,-0.02481520591341077
577,2018-03-02,-0.015159718462371413
578,2018-03-05,-0.0016492578339747114
579,2018-03-06,0.007158590308370044
580,2018-03-07,-0.0010934937124111536
581,2018-03-08,0.0049261083743842365
582,2018-03-09,0.002178649237472767
583,2018-03-12,0.008695652173913044
584,2018-03-13,0.007543103448275862
585,2018-03-14,0.004812834224598931
586,2018-03-15,-0.014369345396487493
587,2018-03-16,0.013498920086393088
588,2018-03-19,-0.007991475759190196
589,2018-03-20,-0.00644468313641246
590,2018-03-22,0.004324324324324324
591,2018-03-23,-0.029601722282023683
592,2018-03-26,-0.007210205213533
593,2018-03-27,0.03798882681564246
594,2018-03-28,
595,2018-03-29,
596,2018-03-30,0.0
597,2018-04-02,0.0005347593582887701
598,2018-04-03,-0.0005344735435595938
599,2018-04-04,0.0053475935828877
600,2018-04-05,0.01223404255319149
601,2018-04-06,0.002627430373095113
602,2018-04-09,0.0005241090146750524
603,2018-04-10,-0.0026191723415400735
604,2018-04-11,-0.011554621848739496
605,2018-04-12,0.0
606,2018-04-13,-0.002656748140276302
607,2018-04-16,0.007991475759190196
608,2018-04-17,0.0015856236786469344
609,2018-04-18,0.013192612137203167
610,2018-04-19,-0.0005208333333333333
611,2018-04-20,-0.004689942678478374
612,2018-04-23,-0.0010471204188481676
613,2018-04-24,0.0031446540880503146
614,2018-04-25,0.00522466039707419
615,2018-04-26,0.010914760914760915
616,2018-04-27,-0.002570694087403599
617,2018-05-01,0.004123711340206186
618,2018-05-02,-0.006673511293634497
619,2018-05-07,0.0036175710594315244
620,2018-05-08,0.004119464469618949
621,2018-05-09,-0.006666666666666667
622,2018-05-10,-0.0015487867836861124
623,2018-05-11,0.005170630816959669
624,2018-05-14,0.00565843621399177
625,2018-05-15,-0.0005115089514066496
626,2018-05-16,-0.0040941658137154556
627,2018-05-17,0.005652620760534429
628,2018-05-18,0.001021972406745018
629,2018-05-21,-0.0005104645227156713
630,2018-05-22,-0.003575076608784474
631,2018-05-23,-0.0030753459764223477
632,2018-05-24,-0.005655526992287918
633,2018-05-25,0.0031023784901758012
634,2018-05-28,-0.0010309278350515464
635,2018-05-29,-0.0015479876160990713
636,2018-05-30,-0.009819121447028423
637,2018-05-31,0.005219206680584551
638,2018-06-01,-0.0020768431983385254
639,2018-06-04,0.010926118626430802
640,2018-06-05,0.000514668039114771
641,2018-06-06,0.0
642,2018-06-07,0.00411522633744856
643,2018-06-08,-0.0015368852459016393
644,2018-06-11,0.001026167265264238
645,2018-06-12,0.008713480266529985
646,2018-06-13,0.00508130081300813
647,2018-06-14,-0.005055611729019211
648,2018-06-15,0.0040650406504065045
649,2018-06-18,-0.004048582995951417
650,2018-06-19,-0.012195121951219513
651,2018-06-20,0.00565843621399177
652,2018-06-21,-0.0020460358056265983
653,2018-06-22,-0.005125576627370579
654,2018-06-25,-0.00824317362184441
655,2018-06-26,-0.0005194805194805195
656,2018-06-27,-0.008835758835758836
657,2018-06-28,0.006292606187729418
658,2018-06-29,0.0026055237102657635
659,2018-07-02,-0.02286902286902287
660,2018-07-03,-0.01702127659574468
661,2018-07-04,0.022727272727272728
662,2018-07-05,-0.010582010582010581
663,2018-07-06,0.0058823529411764705
664,2018-07-09,0.010101010101010102
665,2018-07-10,0.0
666,2018-07-11,-0.005263157894736842
667,2018-07-12,0.0010582010582010583
668,2018-07-13,0.008985200845665961
669,2018-07-17,0.011524358302776323
670,2018-07-18,0.0031071983428275505
671,2018-07-19,-0.0036138358286009293
672,2018-07-20,0.0005181347150259067
673,2018-07-23,-0.0005178663904712584
674,2018-07-24,-0.0010362694300518134
675,2018-07-25,0.0
676,2018-07-26,0.008817427385892116
677,2018-07-27,0.004627249357326478
678,2018-07-30,-0.004605936540429887
679,2018-07-31,-0.008740359897172237
680,2018-08-01,0.005186721991701245
681,2018-08-02,-0.009287925696594427
682,2018-08-03,-0.005208333333333333
683,2018-08-06,-0.004188481675392671
684,2018-08-07,-0.0057833859095688745
685,2018-08-08,-0.004759386567953464
686,2018-08-09,-0.0037194473963868225
687,2018-08-10,-0.005866666666666667
688,2018-08-13,-0.012875536480686695
689,2018-08-14,0.013043478260869565
690,2018-08-15,-0.0037553648068669528
691,2018-08-16,-0.006462035541195477
692,2018-08-17,0.004336043360433604
693,2018-08-20,-0.0032379924446842958
694,2018-08-21,-0.004331348132106118
695,2018-08-22,0.000543773790103317
696,2018-08-23,0.003260869565217391
697,2018-08-24,0.007583965330444204
698,2018-08-27,0.005913978494623656
699,2018-08-28,0.0010689470871191875
700,2018-08-29,0.0026695141484249867
701,2018-08-30,-0.002129925452609159
702,2018-08-31,-0.0005336179295624333
703,2018-09-03,-0.003203416978109984
704,2018-09-04,-0.0032137118371719335
705,2018-09-05,-0.004298764105319721
706,2018-09-06,-0.007555315704263357
707,2018-09-07,0.002175095160413268
708,2018-09-10,0.002170374389582203
709,2018-09-11,0.007579859231185706
710,2018-09-12,0.0010746910263299302
711,2018-09-13,0.00966183574879227
712,2018-09-14,0.000531632110579479
713,2018-09-18,0.022848034006376194
714,2018-09-19,0.00935064935064935
715,2018-09-20,-0.001544004117344313
716,2018-09-21,0.025257731958762887
717,2018-09-25,-0.009552538964303671
718,2018-09-26,0.007106598984771574
719,2018-09-27,-0.010080645161290322
720,2018-09-28,0.010183299389002037
721,2018-10-01,-0.005040322580645161
722,2018-10-02,0.0060790273556231
723,2018-10-03,-0.008056394763343404
724,2018-10-04,-0.008629441624365483
725,2018-10-05,0.004608294930875576
726,2018-10-09,-0.0163098878695209
727,2018-10-10,0.007772020725388601
728,2018-10-11,-0.030848329048843187
729,2018-10-12,-0.005835543766578249
730,2018-10-15,-0.011739594450373533
731,2018-10-16,0.005939524838012959
732,2018-10-17,0.013419216317767043
733,2018-10-18,0.0
734,2018-10-19,-0.004766949152542373
735,2018-10-22,0.006386375731772219
736,2018-10-23,-0.030142781597038603
737,2018-10-24,0.007088331515812432
738,2018-10-25,-0.024363833243096916
739,2018-10-26,-0.0011098779134295228
740,2018-10-29,0.0
741,2018-10-30,0.0044444444444444444
742,2018-10-31,0.016592920353982302
743,2018-11-01,-0.013057671381936888
744,2018-11-02,0.010474090407938258
745,2018-11-05,-0.007637752318603383
746,2018-11-06,0.010995052226498075
747,2018-11-07,-0.0027188689505165853
748,2018-11-08,0.020719738276990186
749,2018-11-09,-0.0010683760683760685
750,2018-11-12,0.00267379679144385
751,2018-11-13,-0.0176
752,2018-11-14,0.0005428881650380022
753,2018-11-15,0.0037981551817688553
754,2018-11-16,0.0005405405405405405
755,2018-11-19,0.0021609940572663426
756,2018-11-20,-0.005390835579514825
757,2018-11-21,-0.004878048780487805
758,2018-11-22,0.011437908496732025
759,2018-11-26,0.0016155088852988692
760,2018-11-27,0.004301075268817204
761,2018-11-28,0.0032119914346895075
762,2018-11-29,0.0005336179295624333
763,2018-11-30,0.008
764,2018-12-03,0.006349206349206349
765,2018-12-04,-0.01840168243953733
766,2018-12-05,-0.0010712372790573112
767,2018-12-06,-0.013404825737265416
768,2018-12-07,0.014130434782608696
769,2018-12-10,-0.01929260450160772
770,2018-12-11,-0.001092896174863388
771,2018-12-12,0.012582056892778994
772,2018-12-13,0.004862236628849271
773,2018-12-14,-0.01021505376344086
774,2018-12-17,0.005431830526887561
775,2018-12-18,-0.01728795245813074
776,2018-12-19,-0.008246289169873557
777,2018-12-20,-0.017184035476718405
778,2018-12-21,-0.016356457980823462
779,2018-12-25,-0.03956422018348624
780,2018-12-26,-0.0029850746268656717
781,2018-12-27,0.058682634730538925
782,2018-12-28,-0.007352941176470588
783,2019-01-04,-0.006837606837606838
784,2019-01-07,0.021801491681009755
785,2019-01-08,0.0022459292532285235
786,2019-01-09,0.008403361344537815
787,2019-01-10,-0.005
788,2019-01-11,0.0027917364600781687
789,2019-01-15,-0.004454342984409799
790,2019-01-16,0.0011185682326621924
791,2019-01-17,0.0033519553072625698
792,2019-01-18,0.008351893095768375
793,2019-01-21,0.0016565433462175593
794,2019-01-22,-0.0027563395810363835
795,2019-01-23,-0.004422332780541736
796,2019-01-24,0.001110494169905608
797,2019-01-25,0.0011092623405435386
798,2019-01-28,-0.007202216066481994
799,2019-01-29,0.007254464285714286
800,2019-01-30,-0.0033240997229916896
801,2019-01-31,0.008337965536409116
802,2019-02-01,-0.003858875413450937
803,2019-02-04,0.00996126175982291
804,2019-02-05,0.0027397260273972603
805,2019-02-06,-0.012568306010928962
806,2019-02-07,-0.00996126175982291
807,2019-02-08,-0.012297372833985467
808,2019-02-12,0.014714204867006225
809,2019-02-13,0.006134969325153374
810,2019-02-14,0.0016629711751662971
811,2019-02-15,-0.002767017155506364
812,2019-02-18,0.009433962264150943
813,2019-02-19,0.004947773501924134
814,2019-02-20,0.006017505470459519
815,2019-02-21,0.0
816,2019-02-22,-0.0016313213703099511
817,2019-02-25,0.0016339869281045752
818,2019-02-26,0.0
819,2019-02-27,0.005981511691136488
820,2019-02-28,-0.005945945945945946
821,2019-03-01,0.0038064165307232192
822,2019-03-04,-0.0016251354279523294
823,2019-03-05,-0.0005425935973955507
824,2019-03-06,-0.003257328990228013
825,2019-03-07,-0.0027233115468409588
826,2019-03-08,-0.012015292190060076
827,2019-03-11,0.004975124378109453
828,2019-03-12,0.012651265126512651
829,2019-03-13,-0.009234111895708854
830,2019-03-14,0.0005482456140350877
831,2019-03-15,0.009315068493150684
832,2019-03-18,0.002171552660152009
833,2019-03-19,-0.004333694474539545
834,2019-03-20,0.0
835,2019-03-22,-0.003264417845484222
836,2019-03-25,-0.016921397379912665
837,2019-03-26,0.024430871737923375
838,2019-03-27,0.0027100271002710027
839,2019-03-28,-0.015675675675675675
840,2019-03-29,0.004942339373970346
841,2019-04-01,0.011475409836065573
842,2019-04-02,-0.01242571582928147
843,2019-04-03,0.0005470459518599562
844,2019-04-04,-0.0032804811372334607
845,2019-04-05,0.0016456390565002743
846,2019-04-08,-0.002738225629791895
847,2019-04-09,-0.004393190554640308
848,2019-04-10,-0.005515719801434087
849,2019-04-11,0.0022185246810870773
850,2019-04-12,-0.004980630879911455
851,2019-04-15,0.009454949944382647
852,2019-04-16,-0.001652892561983471
853,2019-04-17,-0.0027593818984547464
854,2019-04-18,-0.008854454897620365
855,2019-04-19,-0.00446677833612507
856,2019-04-22,0.006730229949523275
857,2019-04-23,0.005013927576601671
858,2019-04-24,-0.007760532150776054
859,2019-04-25,0.0067039106145251395
860,2019-04-26,-0.0005549389567147614
861,2019-05-07,-0.003331482509716824
862,2019-05-08,-0.015598885793871866
863,2019-05-09,-0.010752688172043012
864,2019-05-10,0.0005720823798627002
865,2019-05-13,-0.002858776443682104
866,2019-05-14,-0.0040137614678899085
867,2019-05-15,0.0
868,2019-05-16,0.0057570523891767415
869,2019-05-17,0.010875787063537493
870,2019-05-20,0.005096262740656852
871,2019-05-21,-0.0033802816901408453
872,2019-05-22,-0.005652911249293386
873,2019-05-23,0.00511654349061967
874,2019-05-24,0.0016968325791855204
875,2019-05-27,0.003952569169960474
876,2019-05-28,-0.003937007874015748
877,2019-05-29,-0.007340485601355167
878,2019-05-30,-0.00739476678043231
879,2019-05-31,-0.007449856733524355
880,2019-06-03,-0.002886836027713626
881,2019-06-04,-0.004632310364794441
882,2019-06-05,0.014543339150668994
883,2019-06-06,0.0022935779816513763
884,2019-06-07,0.0011441647597254005
885,2019-06-10,0.010857142857142857
886,2019-06-11,-0.0011305822498586771
887,2019-06-12,-0.0005659309564233164
888,2019-06-13,-0.0056625141562853904
889,2019-06-14,0.003986332574031891
890,2019-06-17,-0.0045377197958026095
891,2019-06-18,-0.008547008547008548
892,2019-06-19,0.010919540229885057
893,2019-06-20,0.0045480386583285955
894,2019-06-21,-0.008488964346349746
895,2019-06-24,0.0005707762557077625
896,2019-06-25,-0.0022818026240730175
897,2019-06-26,-0.003430531732418525
898,2019-06-27,0.005737234652897304
899,2019-06-28,-0.0022818026240730175
900,2019-07-01,0.01429388221841052
901,2019-07-02,0.005073280721533258
902,2019-07-03,-0.002243409983174425
903,2019-07-04,0.005621135469364812
904,2019-07-05,0.0005589714924538849
905,2019-07-08,-0.00782122905027933
906,2019-07-09,-0.0005630630630630631
907,2019-07-10,0.0016901408450704226
908,2019-07-11,0.0011248593925759281
909,2019-07-12,0.0011235955056179776
910,2019-07-16,-0.005611672278338945
911,2019-07-17,-0.000564334085778781
912,2019-07-18,-0.0220214568040655
913,2019-07-19,0.018475750577367205
914,2019-07-22,-0.007936507936507936
915,2019-07-23,0.0034285714285714284
916,2019-07-24,0.0
917,2019-07-25,0.0
918,2019-07-26,0.0
919,2019-07-29,0.0005694760820045558
920,2019-07-30,0.0022766078542970974
921,2019-07-31,-0.003975014196479273
922,2019-08-01,-0.0005701254275940707
923,2019-08-02,-0.01426126640045636
924,2019-08-05,-0.01099537037037037
925,2019-08-06,0.0
926,2019-08-07,0.0023405500292568754
927,2019-08-08,-0.009340338587273789
928,2019-08-09,0.0035356511490866236
929,2019-08-13,-0.005871990604815032
930,2019-08-14,0.0017720023626698169
931,2019-08-15,-0.007075471698113208
932,2019-08-16,0.0029691211401425177
933,2019-08-19,0.0076968620485494375
934,2019-08-20,0.002937720329024677
935,2019-08-21,-0.004100761570005858
936,2019-08-22,-0.002352941176470588
937,2019-08-23,0.00294811320754717
938,2019-08-26,-0.012933568489124045
939,2019-08-27,0.008338296605122097
940,2019-08-28,0.0011813349084465446
941,2019-08-29,0.0
942,2019-08-30,0.007079646017699115
943,2019-09-02,-0.0029291154071470417
944,2019-09-03,0.002937720329024677
945,2019-09-04,0.0005858230814294083
946,2019-09-05,0.01053864168618267
947,2019-09-06,-0.0011587485515643105
948,2019-09-09,0.0075406032482598605
949,2019-09-10,-0.0005757052389176742
950,2019-09-11,0.01555299539170507
951,2019-09-12,0.007941009642654566
952,2019-09-13,0.010692177827799663
953,2019-09-17,0.0011135857461024498
954,2019-09-18,0.0
955,2019-09-19,0.006117908787541713
956,2019-09-20,0.001105583195135434
957,2019-09-24,0.006626173384870237
958,2019-09-25,0.0021941854086670325
959,2019-09-26,0.0005473453749315818
960,2019-09-27,-0.006564551422319475
961,2019-09-30,-0.011563876651982379
962,2019-10-01,0.008356545961002786
963,2019-10-02,0.0011049723756906078
964,2019-10-03,-0.016004415011037526
965,2019-10-04,0.0033651149747616375
966,2019-10-07,0.0022358859698155395
967,2019-10-08,0.006692693809258227
968,2019-10-09,0.009972299168975069
969,2019-10-10,-0.012068019747668678
970,2019-10-11,0.006107717934480844
971,2019-10-15,0.014900662251655629
972,2019-10-16,0.004893964110929853
973,2019-10-17,-0.00487012987012987
974,2019-10-18,-0.004893964110929853
975,2019-10-21,0.00546448087431694
976,2019-10-23,0.008152173913043478
977,2019-10-24,-0.0005390835579514825
978,2019-10-25,0.0010787486515641855
979,2019-10-28,-0.0005387931034482759
980,2019-10-29,0.004851752021563342
981,2019-10-30,0.004291845493562232
982,2019-10-31,-0.0016025641025641025
983,2019-11-01,-0.001070090957731407
984,2019-11-05,0.014997321906802356
985,2019-11-06,-0.0031662269129287598
986,2019-11-07,0.0015881418740074113
987,2019-11-08,0.0005285412262156448
988,2019-11-11,0.006339144215530904
989,2019-11-12,-0.002099737532808399
990,2019-11-13,0.02367175170962651
991,2019-11-14,0.01695786228160329
992,2019-11-15,-0.0449722081859525
993,2019-11-18,0.003703703703703704
994,2019-11-19,0.030574591460200317
995,2019-11-20,-0.031713554987212275
996,2019-11-21,0.003169572107765452
997,2019-11-22,0.0
998,2019-11-25,0.00421274354923644
999,2019-11-26,0.002097535395909806
1000,2019-11-27,0.0020931449502878076
1001,2019-11-28,-0.004177545691906005
1002,2019-11-29,0.0047194546407970635
1003,2019-12-02,-0.0026096033402922755
1004,2019-12-03,-0.0057561486132914706
1005,2019-12-04,0.021052631578947368
1006,2019-12-05,-0.01907216494845361
1007,2019-12-06,-0.0010509721492380452
1008,2019-12-09,0.004208311415044713
1009,2019-12-10,-0.0020953378732320588
1010,2019-12-11,-0.0010498687664041995
1011,2019-12-12,-0.0021019442984760903
1012,2019-12-13,0.007898894154818325
1013,2019-12-16,-0.0010449320794148381
1014,2019-12-17,0.005753138075313808
1015,2019-12-18,-0.0015600624024961
1016,2019-12-19,-0.0036458333333333334
1017,2019-12-20,0.0010454783063251437
1018,2019-12-23,-0.0026109660574412533
1019,2019-12-24,-0.0036649214659685864
1020,2019-12-25,-0.0015764582238570678
1021,2019-12-26,0.002105263157894737
1022,2019-12-27,0.0031512605042016808
1023,2019-12-30,-0.004188481675392671
1024,2020-01-06,-0.013144058885383806
1025,2020-01-07,0.014917421417155035
1026,2020-01-08,-0.008923884514435695
1027,2020-01-09,0.015889830508474576
1028,2020-01-10,-0.0015641293013555788
1029,2020-01-14,0.0010443864229765013
1030,2020-01-15,-0.0020865936358894104
1031,2020-01-16,-0.0005227391531625719
1032,2020-01-17,0.0005230125523012552
1033,2020-01-20,0.004704652378463147
1034,2020-01-21,-0.005723204994797087
1035,2020-01-22,0.0020931449502878076
1036,2020-01-23,-0.006266318537859008
1037,2020-01-24,-0.0015764582238570678
1038,2020-01-27,-0.008421052631578947
1039,2020-01-28,-0.0037154989384288748
1040,2020-01-29,0.0010655301012253596
1041,2020-01-30,-0.012240553485896753
1042,2020-01-31,0.010237068965517241
1043,2020-02-03,-0.005866666666666667
1044,2020-02-04,0.0037553648068669528
1045,2020-02-05,0.010689470871191877
1046,2020-02-06,0.005288207297726071
1047,2020-02-07,-0.0015781167806417674
1048,2020-02-10,-0.008429926238145416
1049,2020-02-12,-0.005844845908607864
1050,2020-02-13,-0.003206841261357563
1051,2020-02-14,-0.00482573726541555
1052,2020-02-17,-0.009159482758620689
1053,2020-02-18,-0.008700380641653072
1054,2020-02-19,0.006034009873834339
1055,2020-02-20,-0.0059978189749182115
1056,2020-02-21,0.0
1057,2020-02-25,-0.029072956664838178
1058,2020-02-26,-0.007344632768361582
1059,2020-02-27,-0.02390438247011952
1060,2020-02-28,-0.03848396501457726
1061,2020-03-02,0.015767131594906003
1062,2020-03-03,-0.00955223880597015
1063,2020-03-04,0.0
1064,2020-03-05,0.008438818565400843
1065,2020-03-06,-0.02510460251046025
1066,2020-03-09,-0.04230533415082771
1067,2020-03-10,0.008322663252240717
1068,2020-03-11,-0.006984126984126984
1069,2020-03-12,-0.03132992327365729
1070,2020-03-13,-0.050165016501650166
1071,2020-03-16,-0.029881862404447533
1072,2020-03-17,0.0494269340974212
1073,2020-03-18,0.008873720136518772
1074,2020-03-19,0.039918809201623814
1075,2020-03-23,-0.001951854261548471
1076,2020-03-24,0.00651890482398957
1077,2020-03-25,0.05375647668393782
1078,2020-03-26,-0.010448678549477565
1079,2020-03-27,0.010559006211180125
1080,2020-03-30,-0.001229256299938537
1081,2020-03-31,-0.0036923076923076922
1082,2020-04-01,-0.035824583075972825
1083,2020-04-02,-0.007687379884689302
1084,2020-04-03,0.010329244673983214
1085,2020-04-06,0.031309904153354634
1086,2020-04-07,0.0030978934324659233
1087,2020-04-08,0.025941939468807906
1088,2020-04-09,-0.015653220951234198
1089,2020-04-10,0.005504587155963303
1090,2020-04-13,-0.012165450121654502
1091,2020-04-14,0.017857142857142856
1092,2020-04-15,0.008469449485783424
1093,2020-04-16,-0.00599880023995201
1094,2020-04-17,0.004828002414001207
1095,2020-04-20,-0.009009009009009009
1096,2020-04-21,-0.0030303030303030303
1097,2020-04-22,-0.0012158054711246201
1098,2020-04-23,0.0036518563603164943
1099,2020-04-24,-0.0006064281382656155
1100,2020-04-27,0.007888349514563107
1101,2020-04-28,0.0012040939193257074
1102,2020-04-30,-0.009019843656043296
1103,2020-05-01,-0.010922330097087379
1104,2020-05-07,-0.0098159509202454
1105,2020-05-08,0.0161090458488228
1106,2020-05-11,0.023170731707317073
1107,2020-05-12,-0.004171632896305125
1108,2020-05-13,0.003590664272890485
1109,2020-05-14,-0.015503875968992248
1110,2020-05-15,-0.0006056935190793458
1111,2020-05-18,0.0036363636363636364
1112,2020-05-19,0.014492753623188406
1113,2020-05-20,0.004761904761904762
1114,2020-05-21,-0.0035545023696682463
1115,2020-05-22,-0.007134363852556481
1116,2020-05-25,0.011976047904191617
1117,2020-05-26,0.01893491124260355
1118,2020-05-27,0.006387921022067364
1119,2020-05-28,-0.004616272360069244
1120,2020-05-29,0.012753623188405797
1121,2020-06-01,0.004006868918145392
1122,2020-06-02,0.005131128848346636
1123,2020-06-03,0.0022688598979013048
1124,2020-06-04,0.003961516694963215
1125,2020-06-05,-0.0016910935738444193
1126,2020-06-08,0.004517221908526256
1127,2020-06-09,0.0022484541877459247
1128,2020-06-10,0.0011217049915872126
1129,2020-06-11,-0.014005602240896359
1130,2020-06-12,-0.007386363636363636
1131,2020-06-15,-0.01659988551803091
1132,2020-06-16,0.02270081490104773
1133,2020-06-17,-0.0005691519635742744
1134,2020-06-18,-0.003416856492027335
1135,2020-06-19,-0.0017142857142857142
1136,2020-06-22,0.0
1137,2020-06-23,0.005724098454493417
1138,2020-06-24,-0.005122367672168469
1139,2020-06-25,-0.007437070938215103
1140,2020-06-26,0.009221902017291067
1141,2020-06-29,-0.013135351227869789
1142,2020-06-30,-0.001736111111111111
1143,2020-07-01,-0.01217391304347826
1144,2020-07-02,0.006455399061032864
1145,2020-07-03,0.001749271137026239
1146,2020-07-06,0.01338766006984866
1147,2020-07-07,-0.005169442848937392
1148,2020-07-08,-0.005196304849884526
1149,2020-07-09,-0.0017411491584445734
1150,2020-07-10,-0.011627906976744186
1151,2020-07-13,0.014705882352941176
1152,2020-07-14,-0.0052173913043478265
1153,2020-07-15,0.01282051282051282
1154,2020-07-16,-0.005178365937859608
1155,2020-07-17,-0.004048582995951417
1156,2020-07-20,-0.004645760743321719
1157,2020-07-21,0.007584597432905484
1158,2020-07-22,-0.007527504342790967
1159,2020-07-27,0.0011668611435239206
1160,2020-07-28,-0.005827505827505828
1161,2020-07-29,-0.012895662368112544
1162,2020-07-30,-0.010095011876484561
1163,2020-07-31,-0.020995800839832032
1164,2020-08-03,0.011029411764705883
1165,2020-08-04,0.026060606060606062
1166,2020-08-05,-0.00767867690490254
1167,2020-08-06,-0.020833333333333332
1168,2020-08-07,0.004863221884498481
1169,2020-08-11,0.017543859649122806
1170,2020-08-12,0.014268727705112961
1171,2020-08-13,0.011137162954279016
1172,2020-08-14,0.004057971014492754
1173,2020-08-17,-0.009815242494226328
1174,2020-08-18,0.001749271137026239
1175,2020-08-19,0.002328288707799767
1176,2020-08-20,-0.0040650406504065045
1177,2020-08-21,0.0023323615160349854
1178,2020-08-24,0.0029086678301337987
1179,2020-08-25,0.004060324825986079
1180,2020-08-26,-0.0034662045060658577
1181,2020-08-27,-0.002898550724637681
1182,2020-08-28,-0.009302325581395349
1183,2020-08-31,0.01232394366197183
1184,2020-09-01,-0.005797101449275362
1185,2020-09-02,0.0011661807580174927
1186,2020-09-03,0.006988934187536401
1187,2020-09-04,-0.012145748987854251
1188,2020-09-07,-0.00585480093676815
1189,2020-09-08,0.00530035335689046
1190,2020-09-09,-0.006444053895723492
1191,2020-09-10,0.0047169811320754715
1192,2020-09-11,0.008802816901408451
1193,2020-09-14,0.004653868528214078
1194,2020-09-15,-0.008685581933989578
1195,2020-09-16,0.0005841121495327102
1196,2020-09-17,-0.0011675423234092236
1197,2020-09-18,0.0023378141437755697
1198,2020-09-23,0.0058309037900874635
1199,2020-09-24,-0.0034782608695652175
1200,2020-09-25,-0.0005817335660267597
1201,2020-09-28,0.015133876600698487
1202,2020-09-29,0.0011467889908256881
1203,2020-09-30,-0.012027491408934709
1204,2020-10-02,-0.013333333333333334
1205,2020-10-05,0.01645123384253819
1206,2020-10-06,0.0
1207,2020-10-07,-0.0017341040462427746
1208,2020-10-08,0.003474232773595831
1209,2020-10-09,-0.002308136180034622
1210,2020-10-12,-0.001735106998264893
1211,2020-10-13,0.0005793742757821553
1212,2020-10-14,0.0005790387955993051
1213,2020-10-15,-0.007523148148148148
1214,2020-10-16,-0.004664723032069971
1215,2020-10-19,0.005858230814294083
1216,2020-10-20,-0.007571345369831101
1217,2020-10-21,0.0005868544600938967
1218,2020-10-22,-0.00997067448680352
1219,2020-10-23,0.0035545023696682463
1220,2020-10-26,-0.0017709563164108619
1221,2020-10-27,0.0017740981667652277
1222,2020-10-28,0.0005903187721369539
1223,2020-10-29,-0.004129793510324484
1224,2020-10-30,-0.017180094786729858
1225,2020-11-02,0.018083182640144666
1226,2020-11-04,0.008880994671403197
1227,2020-11-05,0.015258215962441314
1228,2020-11-06,0.0011560693641618498
1229,2020-11-09,0.011547344110854504
1230,2020-11-10,0.0136986301369863
1231,2020-11-11,0.013513513513513514
1232,2020-11-12,-0.0022222222222222222
1233,2020-11-13,-0.013919821826280624
1234,2020-11-16,0.015245623941276116
1235,2020-11-17,0.0033370411568409346
1236,2020-11-18,-0.005543237250554324
1237,2020-11-19,0.008918617614269788
1238,2020-11-20,-0.004972375690607734
1239,2020-11-24,0.01943364797334814
1240,2020-11-25,-0.0027233115468409588
1241,2020-11-26,-0.0005461496450027307
1242,2020-11-27,0.001092896174863388
1243,2020-11-30,-0.015829694323144104
1244,2020-12-01,-0.0005546311702717693
1245,2020-12-02,-0.002774694783573807
1246,2020-12-03,0.0011129660545353367
1247,2020-12-04,-0.0005558643690939411
1248,2020-12-07,-0.008898776418242492
1249,2020-12-08,0.003928170594837262
1250,2020-12-09,0.0022358859698155395
1251,2020-12-10,-0.0011154489682097045
1252,2020-12-11,0.006700167504187605
1253,2020-12-14,0.0027731558513588465
1254,2020-12-15,-0.0055309734513274336
1255,2020-12-16,-0.0016685205784204673
1256,2020-12-17,0.006685236768802228
1257,2020-12-18,-0.0016602102933038186
1258,2020-12-21,-0.0016629711751662971
1259,2020-12-22,-0.015546918378678512
1260,2020-12-24,0.012408347433728144
1261,2020-12-25,0.0022284122562674096
1262,2020-12-28,0.006114508060033352
1263,2020-12-30,0.008839779005524863
1264,2021-01-04,-0.004381161007667032
1265,2021-01-04,0.0
1266,2021-01-04,0.0
1267,2021-01-04,0.0
1268,2021-01-04,0.0
1269,2021-01-04,0.0
1270,2021-01-05,-0.0049504950495049506
1271,2021-01-06,0.002211166390270868
1272,2021-01-07,0.00882515168229454
1273,2021-01-08,0.01913613996719519
1274,2021-01-12,0.002145922746781116
1275,2021-01-14,0.008029978586723769
1276,2021-01-18,-0.01168348380244291
1277,2021-01-19,0.0021493820526598604
1278,2021-01-20,-0.0096514745308311
1279,2021-01-21,0.0032485110990795887
1280,2021-01-22,0.0010793308148947653
1281,2021-01-25,0.004851752021563342
1282,2021-01-26,-0.004291845493562232
1283,2021-01-27,0.005387931034482759
1284,2021-01-28,-0.012861736334405145
1285,2021-01-29,-0.009771986970684038
1286,2021-02-01,0.004934210526315789
1287,2021-02-02,0.0032733224222585926
1288,2021-02-03,0.012506797172376292
1289,2021-02-12,0.013963480128893663
1290,2021-02-24,-0.025953389830508475
